2025-03-15 10:36:29,FleetManager,WARN,Robot 2 Low Battery Warning
2025-03-15 10:36:30,FleetManager,WARN,Robot 2 Low Battery Warning
2025-03-15 10:36:31,FleetManager,WARN,Robot 2 Low Battery Warning
2025-03-15 10:36:32,FleetManager,WARN,Robot 2 Low Battery Warning
2025-03-15 10:36:33,FleetManager,WARN,Robot 2 Low Battery Warning
2025-03-15 10:36:34,FleetManager,WARN,Robot 2 Low Battery Warning
2025-03-15 10:36:35,FleetManager,WARN,Robot 2 Low Battery Warning
2025-03-15 10:36:36,FleetManager,WARN,Robot 2 Low Battery Warning
2025-03-15 10:36:37,FleetManager,WARN,Robot 2 Low Battery Warning
2025-03-15 10:36:38,FleetManager,WARN,Robot 2 Low Battery Warning
2025-03-15 10:36:39,FleetManager,WARN,Robot 2 Low Battery Warning
2025-03-15 10:36:40,FleetManager,WARN,Robot 2 Low Battery Warning
2025-03-15 10:36:41,FleetManager,WARN,Robot 2 Low Battery Warning
2025-03-15 10:36:42,FleetManager,WARN,Robot 2 Low Battery Warning
2025-03-15 10:36:43,FleetManager,WARN,Robot 2 Low Battery Warning
2025-03-15 10:36:44,FleetManager,WARN,Robot 2 Low Battery Warning
2025-03-15 10:36:45,FleetManager,WARN,Robot 2 Low Battery Warning
2025-03-15 10:36:46,FleetManager,WARN,Robot 2 Low Battery Warning
2025-03-15 10:36:47,FleetManager,WARN,Robot 2 Low Battery Warning
2025-03-15 10:36:48,FleetManager,WARN,Robot 2 Low Battery Warning
2025-03-15 10:36:49,FleetManager,WARN,Robot 2 Low Battery Warning
2025-03-15 10:36:50,FleetManager,WARN,Robot 2 Low Battery Warning
2025-03-15 10:36:51,FleetManager,WARN,Robot 2 Low Battery Warning
2025-03-15 10:36:52,FleetManager,WARN,Robot 2 Low Battery Warning
2025-03-15 10:36:53,FleetManager,WARN,Robot 2 Low Battery Warning
2025-03-15 10:36:54,FleetManager,WARN,Robot 2 Low Battery Warning
2025-03-15 10:36:55,FleetManager,WARN,Robot 2 Low Battery Warning
2025-03-15 10:36:56,FleetManager,WARN,Robot 2 Low Battery Warning
2025-03-15 10:36:57,FleetManager,WARN,Robot 2 Low Battery Warning
2025-03-15 10:36:58,FleetManager,WARN,Robot 2 Low Battery Warning
2025-03-15 10:36:59,FleetManager,WARN,Robot 2 Low Battery Warning
2025-03-15 10:37:00,FleetManager,WARN,Robot 2 Low Battery Warning
2025-03-15 10:37:01,FleetManager,WARN,Robot 2 Low Battery Warning
2025-03-15 10:37:02,FleetManager,WARN,Robot 2 Low Battery Warning
2025-03-15 10:37:03,FleetManager,WARN,Robot 2 Low Battery Warning
2025-03-15 10:37:04,FleetManager,WARN,Robot 2 Low Battery Warning
2025-03-15 10:37:05,FleetManager,WARN,Robot 2 Low Battery Warning
2025-03-15 10:37:06,FleetManager,WARN,Robot 2 Low Battery Warning
2025-03-15 10:37:07,FleetManager,WARN,Robot 2 Low Battery Warning
2025-03-15 10:37:08,FleetManager,WARN,Robot 2 Low Battery Warning
2025-03-15 10:37:09,FleetManager,WARN,Robot 2 Low Battery Warning
2025-03-15 10:37:10,FleetManager,WARN,Robot 2 Low Battery Warning
2025-03-15 10:37:11,FleetManager,WARN,Robot 2 Low Battery Warning
2025-03-15 10:40:01,FleetManager,WARN,Robot 2 Low Battery Warning
2025-03-15 10:40:02,FleetManager,WARN,Robot 2 Low Battery Warning
2025-03-15 10:40:03,FleetManager,WARN,Robot 2 Low Battery Warning
2025-03-15 10:40:04,FleetManager,WARN,Robot 2 Low Battery Warning
2025-03-15 10:40:05,FleetManager,WARN,Robot 2 Low Battery Warning
2025-03-15 10:40:06,FleetManager,WARN,Robot 2 Low Battery Warning
2025-03-15 10:40:07,FleetManager,WARN,Robot 2 Low Battery Warning
2025-03-15 10:40:08,FleetManager,WARN,Robot 2 Low Battery Warning
2025-03-15 10:40:26,FleetManager,WARN,Robot 2 Low Battery Warning
2025-03-15 10:40:27,FleetManager,WARN,Robot 2 Low Battery Warning
2025-03-15 10:40:28,FleetManager,WARN,Robot 2 Low Battery Warning
2025-03-15 10:40:29,FleetManager,WARN,Robot 2 Low Battery Warning
2025-03-15 10:40:30,FleetManager,WARN,Robot 2 Low Battery Warning
2025-03-15 10:40:31,FleetManager,WARN,Robot 2 Low Battery Warning
2025-03-15 10:40:32,FleetManager,WARN,Robot 2 Low Battery Warning
2025-03-15 10:40:33,FleetManager,WARN,Robot 2 Low Battery Warning
2025-03-15 10:40:34,FleetManager,WARN,Robot 2 Low Battery Warning
2025-03-15 10:40:35,FleetManager,WARN,Robot 2 Low Battery Warning
2025-03-15 10:40:36,FleetManager,WARN,Robot 2 Low Battery Warning
2025-03-15 10:40:37,FleetManager,WARN,Robot 2 Low Battery Warning
2025-03-15 11:22:16,FleetManager,WARN,Robot 2 Low Battery Warning
2025-03-15 11:22:17,FleetManager,WARN,Robot 2 Low Battery Warning
2025-03-15 11:22:18,FleetManager,WARN,Robot 2 Low Battery Warning
2025-03-15 11:22:19,FleetManager,WARN,Robot 2 Low Battery Warning
2025-03-15 11:22:20,FleetManager,WARN,Robot 2 Low Battery Warning
2025-03-15 11:22:21,FleetManager,WARN,Robot 2 Low Battery Warning
2025-03-15 11:22:22,FleetManager,WARN,Robot 2 Low Battery Warning
2025-03-15 11:22:23,FleetManager,WARN,Robot 2 Low Battery Warning
2025-03-15 11:22:24,FleetManager,WARN,Robot 2 Low Battery Warning
2025-03-15 11:22:25,FleetManager,WARN,Robot 2 Low Battery Warning
2025-03-15 11:22:26,FleetManager,WARN,Robot 2 Low Battery Warning
2025-03-15 11:22:27,FleetManager,WARN,Robot 2 Low Battery Warning
2025-03-15 11:22:28,FleetManager,WARN,Robot 2 Low Battery Warning
2025-03-15 11:22:29,FleetManager,WARN,Robot 2 Low Battery Warning
2025-03-15 11:22:30,FleetManager,WARN,Robot 2 Low Battery Warning
2025-03-15 11:22:31,FleetManager,WARN,Robot 2 Low Battery Warning
2025-03-15 11:22:32,FleetManager,WARN,Robot 2 Low Battery Warning
2025-03-15 11:22:33,FleetManager,WARN,Robot 2 Low Battery Warning
2025-03-15 11:22:34,FleetManager,WARN,Robot 2 Low Battery Warning
2025-03-15 11:22:35,FleetManager,WARN,Robot 2 Low Battery Warning
2025-03-15 11:22:36,FleetManager,WARN,Robot 2 Low Battery Warning
2025-03-15 11:22:37,FleetManager,WARN,Robot 2 Low Battery Warning
2025-03-15 11:22:38,FleetManager,WARN,Robot 2 Low Battery Warning
2025-03-15 11:22:39,FleetManager,WARN,Robot 2 Low Battery Warning
2025-03-15 11:22:40,FleetManager,WARN,Robot 2 Low Battery Warning
2025-03-15 11:22:41,FleetManager,WARN,Robot 2 Low Battery Warning
2025-03-15 11:22:42,FleetManager,WARN,Robot 2 Low Battery Warning
2025-03-15 11:22:43,FleetManager,WARN,Robot 2 Low Battery Warning
2025-03-15 11:22:44,FleetManager,WARN,Robot 2 Low Battery Warning
2025-03-15 11:22:45,FleetManager,WARN,Robot 2 Low Battery Warning
2025-03-15 11:22:46,FleetManager,WARN,Robot 2 Low Battery Warning
2025-03-15 11:22:47,FleetManager,WARN,Robot 2 Low Battery Warning
2025-03-15 11:22:48,FleetManager,WARN,Robot 2 Low Battery Warning
2025-03-15 11:22:49,FleetManager,WARN,Robot 2 Low Battery Warning
2025-03-15 11:22:50,FleetManager,WARN,Robot 2 Low Battery Warning
2025-03-15 11:22:51,FleetManager,WARN,Robot 2 Low Battery Warning
2025-03-15 11:22:52,FleetManager,WARN,Robot 2 Low Battery Warning
2025-03-15 11:22:53,FleetManager,WARN,Robot 2 Low Battery Warning
2025-03-15 11:22:54,FleetManager,WARN,Robot 2 Low Battery Warning
2025-03-15 11:22:55,FleetManager,WARN,Robot 2 Low Battery Warning
2025-03-15 11:22:56,FleetManager,WARN,Robot 2 Low Battery Warning
2025-03-15 11:22:57,FleetManager,WARN,Robot 2 Low Battery Warning
2025-03-15 11:22:58,FleetManager,WARN,Robot 2 Low Battery Warning
2025-03-15 11:22:59,FleetManager,WARN,Robot 2 Low Battery Warning
2025-03-15 11:23:00,FleetManager,WARN,Robot 2 Low Battery Warning
2025-03-15 11:23:01,FleetManager,WARN,Robot 2 Low Battery Warning
2025-03-15 11:23:02,FleetManager,WARN,Robot 2 Low Battery Warning
2025-03-15 11:23:03,FleetManager,WARN,Robot 2 Low Battery Warning
2025-03-15 11:23:04,FleetManager,WARN,Robot 2 Low Battery Warning
2025-03-15 11:23:05,FleetManager,WARN,Robot 2 Low Battery Warning
2025-03-15 11:23:06,FleetManager,WARN,Robot 2 Low Battery Warning
2025-03-15 11:23:07,FleetManager,WARN,Robot 2 Low Battery Warning
2025-03-15 11:23:08,FleetManager,WARN,Robot 2 Low Battery Warning
2025-03-15 11:23:09,FleetManager,WARN,Robot 2 Low Battery Warning
2025-03-15 11:23:10,FleetManager,WARN,Robot 2 Low Battery Warning
2025-03-15 11:23:11,FleetManager,WARN,Robot 2 Low Battery Warning
2025-03-15 11:23:12,FleetManager,WARN,Robot 2 Low Battery Warning
2025-03-15 11:23:13,FleetManager,WARN,Robot 2 Low Battery Warning
2025-03-15 11:23:14,FleetManager,WARN,Robot 2 Low Battery Warning
2025-03-15 11:23:15,FleetManager,WARN,Robot 2 Low Battery Warning
2025-03-15 11:23:16,FleetManager,WARN,Robot 2 Low Battery Warning
2025-03-15 11:23:17,FleetManager,WARN,Robot 2 Low Battery Warning
2025-03-15 11:23:18,FleetManager,WARN,Robot 2 Low Battery Warning
2025-03-15 11:23:19,FleetManager,WARN,Robot 2 Low Battery Warning
2025-03-15 11:23:20,FleetManager,WARN,Robot 2 Low Battery Warning
2025-03-15 11:23:21,FleetManager,WARN,Robot 2 Low Battery Warning
2025-03-15 11:23:22,FleetManager,WARN,Robot 2 Low Battery Warning
2025-03-15 11:23:23,FleetManager,WARN,Robot 2 Low Battery Warning
2025-03-15 11:23:24,FleetManager,WARN,Robot 2 Low Battery Warning
2025-03-15 11:23:25,FleetManager,WARN,Robot 2 Low Battery Warning
2025-03-15 11:23:26,FleetManager,WARN,Robot 2 Low Battery Warning
2025-03-15 11:23:27,FleetManager,WARN,Robot 2 Low Battery Warning
2025-03-15 11:23:28,FleetManager,WARN,Robot 2 Low Battery Warning
2025-03-15 11:23:29,FleetManager,WARN,Robot 2 Low Battery Warning
2025-03-15 11:23:30,FleetManager,WARN,Robot 2 Low Battery Warning
2025-03-15 11:23:31,FleetManager,WARN,Robot 2 Low Battery Warning
2025-03-15 11:23:32,FleetManager,WARN,Robot 2 Low Battery Warning
2025-03-15 11:23:33,FleetManager,WARN,Robot 2 Low Battery Warning
2025-03-15 11:23:34,FleetManager,WARN,Robot 2 Low Battery Warning
2025-03-15 11:23:35,FleetManager,WARN,Robot 2 Low Battery Warning
2025-03-15 11:23:36,FleetManager,WARN,Robot 2 Low Battery Warning
2025-03-15 11:23:37,FleetManager,WARN,Robot 2 Low Battery Warning
2025-03-15 11:23:38,FleetManager,WARN,Robot 2 Low Battery Warning
2025-03-15 11:23:39,FleetManager,WARN,Robot 2 Low Battery Warning
2025-03-15 11:23:40,FleetManager,WARN,Robot 2 Low Battery Warning
2025-03-15 11:23:41,FleetManager,WARN,Robot 2 Low Battery Warning
2025-03-15 11:23:42,FleetManager,WARN,Robot 2 Low Battery Warning
2025-03-15 11:23:43,FleetManager,WARN,Robot 2 Low Battery Warning
2025-03-15 11:23:44,FleetManager,WARN,Robot 2 Low Battery Warning
2025-03-15 11:23:45,FleetManager,WARN,Robot 2 Low Battery Warning
2025-03-15 11:23:46,FleetManager,WARN,Robot 2 Low Battery Warning
2025-03-15 11:23:47,FleetManager,WARN,Robot 2 Low Battery Warning
2025-03-15 11:23:48,FleetManager,WARN,Robot 2 Low Battery Warning
2025-03-15 11:23:49,FleetManager,WARN,Robot 2 Low Battery Warning
2025-03-15 11:23:50,FleetManager,WARN,Robot 2 Low Battery Warning
2025-03-15 11:23:51,FleetManager,WARN,Robot 2 Low Battery Warning
2025-03-15 11:23:52,FleetManager,WARN,Robot 2 Low Battery Warning
2025-03-15 11:23:53,FleetManager,WARN,Robot 2 Low Battery Warning
2025-03-15 11:23:54,FleetManager,WARN,Robot 2 Low Battery Warning
2025-03-15 11:23:55,FleetManager,WARN,Robot 2 Low Battery Warning
2025-03-15 11:23:56,FleetManager,WARN,Robot 2 Low Battery Warning
2025-03-15 11:23:57,FleetManager,WARN,Robot 2 Low Battery Warning
2025-03-15 11:23:58,FleetManager,WARN,Robot 2 Low Battery Warning
2025-03-15 11:23:59,FleetManager,WARN,Robot 2 Low Battery Warning
2025-03-15 11:24:00,FleetManager,WARN,Robot 2 Low Battery Warning
2025-03-15 11:24:01,FleetManager,WARN,Robot 2 Low Battery Warning
2025-03-15 11:24:02,FleetManager,WARN,Robot 2 Low Battery Warning
2025-03-15 11:24:03,FleetManager,WARN,Robot 2 Low Battery Warning
2025-03-15 11:24:04,FleetManager,WARN,Robot 2 Low Battery Warning
2025-03-15 11:24:05,FleetManager,WARN,Robot 2 Low Battery Warning
2025-03-15 11:24:06,FleetManager,WARN,Robot 2 Low Battery Warning
2025-03-15 11:24:07,FleetManager,WARN,Robot 2 Low Battery Warning
2025-03-15 11:24:08,FleetManager,WARN,Robot 2 Low Battery Warning
2025-03-15 11:24:09,FleetManager,WARN,Robot 2 Low Battery Warning
2025-03-15 11:24:10,FleetManager,WARN,Robot 2 Low Battery Warning
2025-03-15 11:24:11,FleetManager,WARN,Robot 2 Low Battery Warning
2025-03-15 11:24:12,FleetManager,WARN,Robot 2 Low Battery Warning
2025-03-15 11:24:13,FleetManager,WARN,Robot 2 Low Battery Warning
2025-03-15 11:24:14,FleetManager,WARN,Robot 2 Low Battery Warning
2025-03-15 11:24:15,FleetManager,WARN,Robot 2 Low Battery Warning
2025-03-15 11:24:16,FleetManager,WARN,Robot 2 Low Battery Warning
2025-03-15 11:24:17,FleetManager,WARN,Robot 2 Low Battery Warning
2025-03-15 11:24:18,FleetManager,WARN,Robot 2 Low Battery Warning
2025-03-15 11:24:19,FleetManager,WARN,Robot 2 Low Battery Warning
2025-03-15 11:24:20,FleetManager,WARN,Robot 2 Low Battery Warning
2025-03-15 11:24:21,FleetManager,WARN,Robot 2 Low Battery Warning
2025-03-15 11:24:22,FleetManager,WARN,Robot 2 Low Battery Warning
2025-03-15 11:24:23,FleetManager,WARN,Robot 2 Low Battery Warning
2025-03-15 11:24:24,FleetManager,WARN,Robot 2 Low Battery Warning
2025-03-15 11:24:25,FleetManager,WARN,Robot 2 Low Battery Warning
2025-03-15 11:24:26,FleetManager,WARN,Robot 2 Low Battery Warning
2025-03-15 11:24:27,FleetManager,WARN,Robot 2 Low Battery Warning
2025-03-15 11:24:28,FleetManager,WARN,Robot 2 Low Battery Warning
2025-03-15 11:24:29,FleetManager,WARN,Robot 2 Low Battery Warning
2025-03-15 11:24:30,FleetManager,WARN,Robot 2 Low Battery Warning
2025-03-15 11:24:31,FleetManager,WARN,Robot 2 Low Battery Warning
2025-03-15 11:24:32,FleetManager,WARN,Robot 2 Low Battery Warning
2025-03-15 11:24:33,FleetManager,WARN,Robot 2 Low Battery Warning
2025-03-15 11:24:34,FleetManager,WARN,Robot 2 Low Battery Warning
2025-03-15 11:24:35,FleetManager,WARN,Robot 2 Low Battery Warning
2025-03-15 11:24:36,FleetManager,WARN,Robot 2 Low Battery Warning
2025-03-15 11:24:37,FleetManager,WARN,Robot 2 Low Battery Warning
2025-03-15 11:24:38,FleetManager,WARN,Robot 2 Low Battery Warning
2025-03-15 11:24:39,FleetManager,WARN,Robot 2 Low Battery Warning
2025-03-15 11:24:40,FleetManager,WARN,Robot 2 Low Battery Warning
2025-03-15 11:24:41,FleetManager,WARN,Robot 2 Low Battery Warning
2025-03-15 11:24:42,FleetManager,WARN,Robot 2 Low Battery Warning
2025-03-15 11:24:43,FleetManager,WARN,Robot 2 Low Battery Warning
2025-03-15 11:24:44,FleetManager,WARN,Robot 2 Low Battery Warning
2025-03-15 11:24:45,FleetManager,WARN,Robot 2 Low Battery Warning
2025-03-15 11:24:46,FleetManager,WARN,Robot 2 Low Battery Warning
2025-03-15 11:24:47,FleetManager,WARN,Robot 2 Low Battery Warning
2025-03-15 11:24:48,FleetManager,WARN,Robot 2 Low Battery Warning
2025-03-15 11:24:49,FleetManager,WARN,Robot 2 Low Battery Warning
2025-03-15 11:24:50,FleetManager,WARN,Robot 2 Low Battery Warning
2025-03-15 11:24:51,FleetManager,WARN,Robot 2 Low Battery Warning
2025-03-15 11:24:52,FleetManager,WARN,Robot 2 Low Battery Warning
2025-03-15 11:24:53,FleetManager,WARN,Robot 2 Low Battery Warning
2025-03-15 11:24:54,FleetManager,WARN,Robot 2 Low Battery Warning
2025-03-15 11:24:55,FleetManager,WARN,Robot 2 Low Battery Warning
2025-03-15 11:24:56,FleetManager,WARN,Robot 2 Low Battery Warning
2025-03-15 11:24:57,FleetManager,WARN,Robot 2 Low Battery Warning
2025-03-15 11:24:58,FleetManager,WARN,Robot 2 Low Battery Warning
2025-03-15 11:24:59,FleetManager,WARN,Robot 2 Low Battery Warning
2025-03-15 11:25:00,FleetManager,WARN,Robot 2 Low Battery Warning
2025-03-15 11:25:01,FleetManager,WARN,Robot 2 Low Battery Warning
2025-03-15 11:25:02,FleetManager,WARN,Robot 2 Low Battery Warning
2025-03-15 11:25:03,FleetManager,WARN,Robot 2 Low Battery Warning
2025-03-15 11:25:04,FleetManager,WARN,Robot 2 Low Battery Warning
2025-03-15 11:25:05,FleetManager,WARN,Robot 2 Low Battery Warning
2025-03-15 11:25:06,FleetManager,WARN,Robot 2 Low Battery Warning
2025-03-15 11:25:07,FleetManager,WARN,Robot 2 Low Battery Warning
2025-03-15 11:25:08,FleetManager,WARN,Robot 2 Low Battery Warning
2025-03-15 11:25:09,FleetManager,WARN,Robot 2 Low Battery Warning
2025-03-15 11:25:10,FleetManager,WARN,Robot 2 Low Battery Warning
2025-03-15 11:25:11,FleetManager,WARN,Robot 2 Low Battery Warning
2025-03-15 11:25:12,FleetManager,WARN,Robot 2 Low Battery Warning
2025-03-15 11:25:13,FleetManager,WARN,Robot 2 Low Battery Warning
2025-03-15 11:25:14,FleetManager,WARN,Robot 2 Low Battery Warning
2025-03-15 11:25:15,FleetManager,WARN,Robot 2 Low Battery Warning
2025-03-15 11:25:16,FleetManager,WARN,Robot 2 Low Battery Warning
2025-03-15 11:25:17,FleetManager,WARN,Robot 2 Low Battery Warning
2025-03-15 11:25:18,FleetManager,WARN,Robot 2 Low Battery Warning
2025-03-15 11:25:19,FleetManager,WARN,Robot 2 Low Battery Warning
2025-03-15 11:25:20,FleetManager,WARN,Robot 2 Low Battery Warning
2025-03-15 11:25:21,FleetManager,WARN,Robot 2 Low Battery Warning
2025-03-15 11:25:22,FleetManager,WARN,Robot 2 Low Battery Warning
2025-03-15 11:25:23,FleetManager,WARN,Robot 2 Low Battery Warning
2025-03-15 11:25:24,FleetManager,WARN,Robot 2 Low Battery Warning
2025-03-15 11:25:25,FleetManager,WARN,Robot 2 Low Battery Warning
2025-03-15 11:25:26,FleetManager,WARN,Robot 2 Low Battery Warning
2025-03-15 11:25:27,FleetManager,WARN,Robot 2 Low Battery Warning
2025-03-15 11:25:28,FleetManager,WARN,Robot 2 Low Battery Warning
2025-03-15 11:25:29,FleetManager,WARN,Robot 2 Low Battery Warning
2025-03-15 11:25:30,FleetManager,WARN,Robot 2 Low Battery Warning
2025-03-15 11:25:31,FleetManager,WARN,Robot 2 Low Battery Warning
2025-03-15 11:25:32,FleetManager,WARN,Robot 2 Low Battery Warning
2025-03-15 11:25:33,FleetManager,WARN,Robot 2 Low Battery Warning
2025-03-15 11:25:34,FleetManager,WARN,Robot 2 Low Battery Warning
2025-03-15 11:25:35,FleetManager,WARN,Robot 2 Low Battery Warning
2025-03-15 11:25:36,FleetManager,WARN,Robot 2 Low Battery Warning
2025-03-15 11:25:37,FleetManager,WARN,Robot 2 Low Battery Warning
2025-03-15 11:25:38,FleetManager,WARN,Robot 2 Low Battery Warning
2025-03-15 11:25:39,FleetManager,WARN,Robot 2 Low Battery Warning
2025-03-15 11:25:40,FleetManager,WARN,Robot 2 Low Battery Warning
2025-03-15 11:25:41,FleetManager,WARN,Robot 2 Low Battery Warning
2025-03-15 11:25:42,FleetManager,WARN,Robot 2 Low Battery Warning
2025-03-15 11:25:43,FleetManager,WARN,Robot 2 Low Battery Warning
2025-03-15 11:25:44,FleetManager,WARN,Robot 2 Low Battery Warning
2025-03-15 11:25:45,FleetManager,WARN,Robot 2 Low Battery Warning
2025-03-15 11:58:57,FleetManager,WARN,Robot 2 Low Battery Warning
2025-03-15 11:58:58,FleetManager,WARN,Robot 2 Low Battery Warning
2025-03-15 11:58:59,FleetManager,WARN,Robot 2 Low Battery Warning
2025-03-15 11:59:00,FleetManager,WARN,Robot 2 Low Battery Warning
2025-03-15 11:59:01,FleetManager,WARN,Robot 2 Low Battery Warning
2025-03-15 11:59:02,FleetManager,WARN,Robot 2 Low Battery Warning
2025-03-15 11:59:03,FleetManager,WARN,Robot 2 Low Battery Warning
2025-03-15 11:59:04,FleetManager,WARN,Robot 2 Low Battery Warning
2025-03-15 11:59:05,FleetManager,WARN,Robot 2 Low Battery Warning
2025-03-15 11:59:06,FleetManager,WARN,Robot 2 Low Battery Warning
2025-03-15 11:59:07,FleetManager,WARN,Robot 2 Low Battery Warning
2025-03-15 11:59:08,FleetManager,WARN,Robot 2 Low Battery Warning
2025-03-15 11:59:09,FleetManager,WARN,Robot 2 Low Battery Warning
2025-03-15 11:59:10,FleetManager,WARN,Robot 2 Low Battery Warning
2025-03-15 11:59:11,FleetManager,WARN,Robot 2 Low Battery Warning
2025-03-15 11:59:12,FleetManager,WARN,Robot 2 Low Battery Warning
2025-03-15 11:59:13,FleetManager,WARN,Robot 2 Low Battery Warning
2025-03-15 11:59:14,FleetManager,WARN,Robot 2 Low Battery Warning
2025-03-15 11:59:15,FleetManager,WARN,Robot 2 Low Battery Warning
2025-03-15 11:59:16,FleetManager,WARN,Robot 2 Low Battery Warning
2025-03-15 11:59:17,FleetManager,WARN,Robot 2 Low Battery Warning
2025-03-15 11:59:18,FleetManager,WARN,Robot 2 Low Battery Warning
2025-03-15 11:59:19,FleetManager,WARN,Robot 2 Low Battery Warning
2025-03-15 11:59:20,FleetManager,WARN,Robot 2 Low Battery Warning
2025-03-15 11:59:21,FleetManager,WARN,Robot 2 Low Battery Warning
2025-03-15 11:59:22,FleetManager,WARN,Robot 2 Low Battery Warning
2025-03-15 11:59:23,FleetManager,WARN,Robot 2 Low Battery Warning
2025-03-15 11:59:24,FleetManager,WARN,Robot 2 Low Battery Warning
2025-03-15 11:59:25,FleetManager,WARN,Robot 2 Low Battery Warning
2025-03-15 11:59:26,FleetManager,WARN,Robot 2 Low Battery Warning
2025-03-15 11:59:27,FleetManager,WARN,Robot 2 Low Battery Warning
2025-03-15 11:59:28,FleetManager,WARN,Robot 2 Low Battery Warning
2025-03-15 11:59:29,FleetManager,WARN,Robot 2 Low Battery Warning
2025-03-15 11:59:30,FleetManager,WARN,Robot 2 Low Battery Warning
2025-03-15 11:59:31,FleetManager,WARN,Robot 2 Low Battery Warning
2025-03-15 11:59:32,FleetManager,WARN,Robot 2 Low Battery Warning
2025-03-15 11:59:33,FleetManager,WARN,Robot 2 Low Battery Warning
2025-03-15 11:59:34,FleetManager,WARN,Robot 2 Low Battery Warning
2025-03-15 11:59:35,FleetManager,WARN,Robot 2 Low Battery Warning
2025-03-15 11:59:36,FleetManager,WARN,Robot 2 Low Battery Warning
2025-03-15 11:59:37,FleetManager,WARN,Robot 2 Low Battery Warning
2025-03-15 11:59:38,FleetManager,WARN,Robot 2 Low Battery Warning
2025-03-15 11:59:39,FleetManager,WARN,Robot 2 Low Battery Warning
2025-03-15 11:59:40,FleetManager,WARN,Robot 2 Low Battery Warning
2025-03-15 11:59:41,FleetManager,WARN,Robot 2 Low Battery Warning
2025-03-15 11:59:42,FleetManager,WARN,Robot 2 Low Battery Warning
2025-03-15 11:59:43,FleetManager,WARN,Robot 2 Low Battery Warning
2025-03-15 11:59:44,FleetManager,WARN,Robot 2 Low Battery Warning
2025-03-15 11:59:45,FleetManager,WARN,Robot 2 Low Battery Warning
2025-03-15 11:59:46,FleetManager,WARN,Robot 2 Low Battery Warning
2025-03-15 11:59:47,FleetManager,WARN,Robot 2 Low Battery Warning
2025-03-15 11:59:48,FleetManager,WARN,Robot 2 Low Battery Warning
2025-03-15 12:00:19,FleetManager,WARN,Robot 2 Low Battery Warning
2025-03-15 12:00:20,FleetManager,WARN,Robot 2 Low Battery Warning
2025-03-15 12:00:21,FleetManager,WARN,Robot 2 Low Battery Warning
2025-03-15 12:00:22,FleetManager,WARN,Robot 2 Low Battery Warning
2025-03-15 12:00:23,FleetManager,WARN,Robot 2 Low Battery Warning
2025-03-15 12:00:24,FleetManager,WARN,Robot 2 Low Battery Warning
2025-03-15 12:00:25,FleetManager,WARN,Robot 2 Low Battery Warning
2025-03-15 12:00:26,FleetManager,WARN,Robot 2 Low Battery Warning
2025-03-15 12:00:27,FleetManager,WARN,Robot 2 Low Battery Warning
2025-03-15 12:00:28,FleetManager,WARN,Robot 2 Low Battery Warning
2025-03-15 12:00:29,FleetManager,WARN,Robot 2 Low Battery Warning
2025-03-15 12:00:30,FleetManager,WARN,Robot 2 Low Battery Warning
2025-03-15 12:00:31,FleetManager,WARN,Robot 2 Low Battery Warning
2025-03-15 12:00:32,FleetManager,WARN,Robot 2 Low Battery Warning
2025-03-15 12:00:33,FleetManager,WARN,Robot 2 Low Battery Warning
2025-03-15 12:00:34,FleetManager,WARN,Robot 2 Low Battery Warning
2025-03-15 12:00:35,FleetManager,WARN,Robot 2 Low Battery Warning
2025-03-15 12:00:36,FleetManager,WARN,Robot 2 Low Battery Warning
2025-03-15 12:00:37,FleetManager,WARN,Robot 2 Low Battery Warning
2025-03-15 12:00:38,FleetManager,WARN,Robot 2 Low Battery Warning
2025-03-15 12:00:39,FleetManager,WARN,Robot 2 Low Battery Warning
2025-03-15 12:00:40,FleetManager,WARN,Robot 2 Low Battery Warning
2025-03-15 12:00:41,FleetManager,WARN,Robot 2 Low Battery Warning
2025-03-15 12:00:42,FleetManager,WARN,Robot 2 Low Battery Warning
2025-03-15 12:00:43,FleetManager,WARN,Robot 2 Low Battery Warning
2025-03-15 12:00:44,FleetManager,WARN,Robot 2 Low Battery Warning
2025-03-15 12:00:45,FleetManager,WARN,Robot 2 Low Battery Warning
2025-03-15 12:00:46,FleetManager,WARN,Robot 2 Low Battery Warning
2025-03-15 12:00:47,FleetManager,WARN,Robot 2 Low Battery Warning
2025-03-15 12:00:48,FleetManager,WARN,Robot 2 Low Battery Warning
2025-03-15 12:00:49,FleetManager,WARN,Robot 2 Low Battery Warning
2025-03-15 12:00:50,FleetManager,WARN,Robot 2 Low Battery Warning
2025-03-15 12:00:51,FleetManager,WARN,Robot 2 Low Battery Warning
2025-03-15 12:00:52,FleetManager,WARN,Robot 2 Low Battery Warning
2025-03-15 12:00:53,FleetManager,WARN,Robot 2 Low Battery Warning
2025-03-15 12:00:54,FleetManager,WARN,Robot 2 Low Battery Warning
2025-03-15 12:00:55,FleetManager,WARN,Robot 2 Low Battery Warning
2025-03-15 12:00:56,FleetManager,WARN,Robot 2 Low Battery Warning
2025-03-15 12:00:57,FleetManager,WARN,Robot 2 Low Battery Warning
2025-03-15 12:00:58,FleetManager,WARN,Robot 2 Low Battery Warning
2025-03-15 12:00:59,FleetManager,WARN,Robot 2 Low Battery Warning
2025-03-15 12:01:00,FleetManager,WARN,Robot 2 Low Battery Warning
2025-03-15 12:01:01,FleetManager,WARN,Robot 2 Low Battery Warning
2025-03-15 12:01:02,FleetManager,WARN,Robot 2 Low Battery Warning
2025-03-15 12:01:03,FleetManager,WARN,Robot 2 Low Battery Warning
2025-03-15 12:01:04,FleetManager,WARN,Robot 2 Low Battery Warning
2025-03-15 12:01:05,FleetManager,WARN,Robot 2 Low Battery Warning
2025-03-15 12:01:06,FleetManager,WARN,Robot 2 Low Battery Warning
2025-03-15 12:01:07,FleetManager,WARN,Robot 2 Low Battery Warning
2025-03-15 12:01:08,FleetManager,WARN,Robot 2 Low Battery Warning
2025-03-15 12:01:09,FleetManager,WARN,Robot 2 Low Battery Warning
2025-03-15 12:01:10,FleetManager,WARN,Robot 2 Low Battery Warning
2025-03-15 12:01:11,FleetManager,WARN,Robot 2 Low Battery Warning
2025-03-15 12:01:12,FleetManager,WARN,Robot 2 Low Battery Warning
2025-03-15 12:01:13,FleetManager,WARN,Robot 2 Low Battery Warning
2025-03-15 12:01:14,FleetManager,WARN,Robot 2 Low Battery Warning
2025-03-15 12:01:15,FleetManager,WARN,Robot 2 Low Battery Warning
2025-03-15 12:01:16,FleetManager,WARN,Robot 2 Low Battery Warning
2025-03-15 12:01:17,FleetManager,WARN,Robot 2 Low Battery Warning
2025-03-15 12:01:18,FleetManager,WARN,Robot 2 Low Battery Warning
2025-03-15 12:01:19,FleetManager,WARN,Robot 2 Low Battery Warning
2025-03-15 12:01:20,FleetManager,WARN,Robot 2 Low Battery Warning
2025-03-15 12:01:21,FleetManager,WARN,Robot 2 Low Battery Warning
2025-03-15 12:01:22,FleetManager,WARN,Robot 2 Low Battery Warning
2025-03-15 12:01:23,FleetManager,WARN,Robot 2 Low Battery Warning
2025-03-15 12:01:24,FleetManager,WARN,Robot 2 Low Battery Warning
2025-03-15 12:01:25,FleetManager,WARN,Robot 2 Low Battery Warning
2025-03-15 12:01:26,FleetManager,WARN,Robot 2 Low Battery Warning
2025-03-15 12:01:27,FleetManager,WARN,Robot 2 Low Battery Warning
2025-03-15 12:01:28,FleetManager,WARN,Robot 2 Low Battery Warning
2025-03-15 12:01:29,FleetManager,WARN,Robot 2 Low Battery Warning
2025-03-15 12:01:30,FleetManager,WARN,Robot 2 Low Battery Warning
2025-03-15 12:01:31,FleetManager,WARN,Robot 2 Low Battery Warning
2025-03-15 12:01:32,FleetManager,WARN,Robot 2 Low Battery Warning
2025-03-15 12:01:33,FleetManager,WARN,Robot 2 Low Battery Warning
2025-03-15 12:01:34,FleetManager,WARN,Robot 2 Low Battery Warning
2025-03-15 12:01:35,FleetManager,WARN,Robot 2 Low Battery Warning
2025-03-15 12:01:36,FleetManager,WARN,Robot 2 Low Battery Warning
2025-03-15 12:01:37,FleetManager,WARN,Robot 2 Low Battery Warning
2025-03-15 12:01:38,FleetManager,WARN,Robot 2 Low Battery Warning
2025-03-15 12:01:39,FleetManager,WARN,Robot 2 Low Battery Warning
2025-03-15 12:01:40,FleetManager,WARN,Robot 2 Low Battery Warning
2025-03-15 12:01:41,FleetManager,WARN,Robot 2 Low Battery Warning
2025-03-15 12:01:42,FleetManager,WARN,Robot 2 Low Battery Warning
2025-03-15 12:01:43,FleetManager,WARN,Robot 2 Low Battery Warning
2025-03-15 12:01:44,FleetManager,WARN,Robot 2 Low Battery Warning
2025-03-15 12:01:45,FleetManager,WARN,Robot 2 Low Battery Warning
2025-03-15 12:01:46,FleetManager,WARN,Robot 2 Low Battery Warning
2025-03-15 12:01:47,FleetManager,WARN,Robot 2 Low Battery Warning
2025-03-15 12:01:48,FleetManager,WARN,Robot 2 Low Battery Warning
2025-03-15 12:01:49,FleetManager,WARN,Robot 2 Low Battery Warning
2025-03-15 12:01:50,FleetManager,WARN,Robot 2 Low Battery Warning
2025-03-15 12:01:51,FleetManager,WARN,Robot 2 Low Battery Warning
2025-03-15 12:01:52,FleetManager,WARN,Robot 2 Low Battery Warning
2025-03-15 12:01:53,FleetManager,WARN,Robot 2 Low Battery Warning
2025-03-15 12:01:54,FleetManager,WARN,Robot 2 Low Battery Warning
2025-03-15 12:01:55,FleetManager,WARN,Robot 2 Low Battery Warning
2025-03-15 12:01:56,FleetManager,WARN,Robot 2 Low Battery Warning
2025-03-15 12:01:57,FleetManager,WARN,Robot 2 Low Battery Warning
2025-03-15 12:01:58,FleetManager,WARN,Robot 2 Low Battery Warning
2025-03-15 12:01:59,FleetManager,WARN,Robot 2 Low Battery Warning
2025-03-15 12:02:00,FleetManager,WARN,Robot 2 Low Battery Warning
2025-03-15 12:02:01,FleetManager,WARN,Robot 2 Low Battery Warning
2025-03-15 12:02:02,FleetManager,WARN,Robot 2 Low Battery Warning
2025-03-15 12:02:03,FleetManager,WARN,Robot 2 Low Battery Warning
2025-03-15 12:02:04,FleetManager,WARN,Robot 2 Low Battery Warning
2025-03-15 12:02:05,FleetManager,WARN,Robot 2 Low Battery Warning
2025-03-15 12:02:06,FleetManager,WARN,Robot 2 Low Battery Warning
2025-03-15 12:02:07,FleetManager,WARN,Robot 2 Low Battery Warning
2025-03-15 12:02:08,FleetManager,WARN,Robot 2 Low Battery Warning
2025-03-15 12:02:09,FleetManager,WARN,Robot 2 Low Battery Warning
2025-03-15 12:02:10,FleetManager,WARN,Robot 2 Low Battery Warning
2025-03-15 12:02:11,FleetManager,WARN,Robot 2 Low Battery Warning
2025-03-15 12:02:12,FleetManager,WARN,Robot 2 Low Battery Warning
2025-03-15 12:02:13,FleetManager,WARN,Robot 2 Low Battery Warning
2025-03-15 12:02:14,FleetManager,WARN,Robot 2 Low Battery Warning
2025-03-15 12:02:15,FleetManager,WARN,Robot 2 Low Battery Warning
2025-03-15 12:02:16,FleetManager,WARN,Robot 2 Low Battery Warning
2025-03-15 12:02:17,FleetManager,WARN,Robot 2 Low Battery Warning
2025-03-15 12:02:18,FleetManager,WARN,Robot 2 Low Battery Warning
2025-03-15 12:02:19,FleetManager,WARN,Robot 2 Low Battery Warning
2025-03-15 12:02:20,FleetManager,WARN,Robot 2 Low Battery Warning
2025-03-15 12:02:21,FleetManager,WARN,Robot 2 Low Battery Warning
2025-03-15 12:13:40,FleetManager,WARN,Robot 2 Low Battery Warning
2025-03-15 12:13:41,FleetManager,WARN,Robot 2 Low Battery Warning
2025-03-15 12:13:42,FleetManager,WARN,Robot 2 Low Battery Warning
2025-03-15 12:13:43,FleetManager,WARN,Robot 2 Low Battery Warning
2025-03-15 12:13:44,FleetManager,WARN,Robot 2 Low Battery Warning
2025-03-15 12:13:45,FleetManager,WARN,Robot 2 Low Battery Warning
2025-03-15 12:13:46,FleetManager,WARN,Robot 2 Low Battery Warning
2025-03-15 12:13:47,FleetManager,WARN,Robot 2 Low Battery Warning
2025-03-15 12:13:48,FleetManager,WARN,Robot 2 Low Battery Warning
2025-03-15 12:13:49,FleetManager,WARN,Robot 2 Low Battery Warning
2025-03-15 12:13:50,FleetManager,WARN,Robot 2 Low Battery Warning
2025-03-15 12:13:51,FleetManager,WARN,Robot 2 Low Battery Warning
2025-03-15 12:13:52,FleetManager,WARN,Robot 2 Low Battery Warning
2025-03-15 12:13:53,FleetManager,WARN,Robot 2 Low Battery Warning
2025-03-15 12:13:54,FleetManager,WARN,Robot 2 Low Battery Warning
2025-03-15 12:13:55,FleetManager,WARN,Robot 2 Low Battery Warning
2025-03-15 12:13:56,FleetManager,WARN,Robot 2 Low Battery Warning
2025-03-15 12:13:57,FleetManager,WARN,Robot 2 Low Battery Warning
2025-03-15 12:13:58,FleetManager,WARN,Robot 2 Low Battery Warning
2025-03-15 12:13:59,FleetManager,WARN,Robot 2 Low Battery Warning
2025-03-15 12:14:00,FleetManager,WARN,Robot 2 Low Battery Warning
2025-03-15 12:14:01,FleetManager,WARN,Robot 2 Low Battery Warning
2025-03-15 12:14:02,FleetManager,WARN,Robot 2 Low Battery Warning
2025-03-15 12:14:03,FleetManager,WARN,Robot 2 Low Battery Warning
2025-03-15 12:14:04,FleetManager,WARN,Robot 2 Low Battery Warning
2025-03-15 12:14:05,FleetManager,WARN,Robot 2 Low Battery Warning
2025-03-15 12:14:06,FleetManager,WARN,Robot 2 Low Battery Warning
2025-03-15 12:14:07,FleetManager,WARN,Robot 2 Low Battery Warning
2025-03-15 12:14:08,FleetManager,WARN,Robot 2 Low Battery Warning
2025-03-15 12:14:09,FleetManager,WARN,Robot 2 Low Battery Warning
2025-03-15 12:14:10,FleetManager,WARN,Robot 2 Low Battery Warning
2025-03-15 12:14:11,FleetManager,WARN,Robot 2 Low Battery Warning
2025-03-15 12:14:12,FleetManager,WARN,Robot 2 Low Battery Warning
2025-03-15 12:14:13,FleetManager,WARN,Robot 2 Low Battery Warning
2025-03-15 12:14:14,FleetManager,WARN,Robot 2 Low Battery Warning
2025-03-15 12:14:15,FleetManager,WARN,Robot 2 Low Battery Warning
2025-03-15 12:14:16,FleetManager,WARN,Robot 2 Low Battery Warning
2025-03-15 12:14:17,FleetManager,WARN,Robot 2 Low Battery Warning
2025-03-15 12:14:18,FleetManager,WARN,Robot 2 Low Battery Warning
2025-03-15 12:14:19,FleetManager,WARN,Robot 2 Low Battery Warning
2025-03-15 12:14:20,FleetManager,WARN,Robot 2 Low Battery Warning
2025-03-15 12:14:21,FleetManager,WARN,Robot 2 Low Battery Warning
2025-03-15 12:14:22,FleetManager,WARN,Robot 2 Low Battery Warning
2025-03-15 12:14:23,FleetManager,WARN,Robot 2 Low Battery Warning
2025-03-15 12:14:24,FleetManager,WARN,Robot 2 Low Battery Warning
2025-03-15 12:14:25,FleetManager,WARN,Robot 2 Low Battery Warning
2025-03-15 12:14:26,FleetManager,WARN,Robot 2 Low Battery Warning
2025-03-15 12:14:27,FleetManager,WARN,Robot 2 Low Battery Warning
2025-03-15 12:14:28,FleetManager,WARN,Robot 2 Low Battery Warning
2025-03-15 12:14:29,FleetManager,WARN,Robot 2 Low Battery Warning
2025-03-15 12:14:30,FleetManager,WARN,Robot 2 Low Battery Warning
2025-03-15 12:14:31,FleetManager,WARN,Robot 2 Low Battery Warning
2025-03-15 12:14:32,FleetManager,WARN,Robot 2 Low Battery Warning
2025-03-15 12:14:33,FleetManager,WARN,Robot 2 Low Battery Warning
2025-03-15 12:14:34,FleetManager,WARN,Robot 2 Low Battery Warning
2025-03-15 12:14:35,FleetManager,WARN,Robot 2 Low Battery Warning
2025-03-15 12:14:36,FleetManager,WARN,Robot 2 Low Battery Warning
2025-03-15 12:14:37,FleetManager,WARN,Robot 2 Low Battery Warning
2025-03-15 12:14:38,FleetManager,WARN,Robot 2 Low Battery Warning
2025-03-15 12:14:39,FleetManager,WARN,Robot 2 Low Battery Warning
2025-03-15 12:14:40,FleetManager,WARN,Robot 2 Low Battery Warning
2025-03-15 12:14:41,FleetManager,WARN,Robot 2 Low Battery Warning
2025-03-15 12:14:42,FleetManager,WARN,Robot 2 Low Battery Warning
2025-03-15 12:14:43,FleetManager,WARN,Robot 2 Low Battery Warning
2025-03-15 12:14:44,FleetManager,WARN,Robot 2 Low Battery Warning
2025-03-15 12:14:45,FleetManager,WARN,Robot 2 Low Battery Warning
2025-03-15 12:14:46,FleetManager,WARN,Robot 2 Low Battery Warning
2025-03-15 12:14:47,FleetManager,WARN,Robot 2 Low Battery Warning
2025-03-15 12:14:48,FleetManager,WARN,Robot 2 Low Battery Warning
2025-03-15 12:14:49,FleetManager,WARN,Robot 2 Low Battery Warning
2025-03-15 12:14:50,FleetManager,WARN,Robot 2 Low Battery Warning
2025-03-15 12:14:51,FleetManager,WARN,Robot 2 Low Battery Warning
2025-03-15 12:14:52,FleetManager,WARN,Robot 2 Low Battery Warning
2025-03-15 12:14:53,FleetManager,WARN,Robot 2 Low Battery Warning
2025-03-15 12:14:54,FleetManager,WARN,Robot 2 Low Battery Warning
2025-03-15 12:14:55,FleetManager,WARN,Robot 2 Low Battery Warning
2025-03-15 12:14:56,FleetManager,WARN,Robot 2 Low Battery Warning
2025-03-15 12:14:57,FleetManager,WARN,Robot 2 Low Battery Warning
2025-03-15 12:14:58,FleetManager,WARN,Robot 2 Low Battery Warning
2025-03-15 12:14:59,FleetManager,WARN,Robot 2 Low Battery Warning
2025-03-15 12:15:00,FleetManager,WARN,Robot 2 Low Battery Warning
2025-03-15 12:15:01,FleetManager,WARN,Robot 2 Low Battery Warning
2025-03-15 12:15:02,FleetManager,WARN,Robot 2 Low Battery Warning
2025-03-15 12:15:03,FleetManager,WARN,Robot 2 Low Battery Warning
2025-03-15 12:15:04,FleetManager,WARN,Robot 2 Low Battery Warning
2025-03-15 12:15:05,FleetManager,WARN,Robot 2 Low Battery Warning
2025-03-15 12:15:06,FleetManager,WARN,Robot 2 Low Battery Warning
2025-03-15 12:15:07,FleetManager,WARN,Robot 2 Low Battery Warning
2025-03-15 12:15:08,FleetManager,WARN,Robot 2 Low Battery Warning
2025-03-15 12:15:09,FleetManager,WARN,Robot 2 Low Battery Warning
2025-03-15 12:15:10,FleetManager,WARN,Robot 2 Low Battery Warning
2025-03-15 12:15:11,FleetManager,WARN,Robot 2 Low Battery Warning
2025-03-15 12:15:12,FleetManager,WARN,Robot 2 Low Battery Warning
2025-03-15 12:15:13,FleetManager,WARN,Robot 2 Low Battery Warning
2025-03-15 12:15:14,FleetManager,WARN,Robot 2 Low Battery Warning
2025-03-15 12:15:15,FleetManager,WARN,Robot 2 Low Battery Warning
2025-03-15 12:15:16,FleetManager,WARN,Robot 2 Low Battery Warning
2025-03-15 12:15:17,FleetManager,WARN,Robot 2 Low Battery Warning
2025-03-15 12:15:18,FleetManager,WARN,Robot 2 Low Battery Warning
2025-03-15 12:15:19,FleetManager,WARN,Robot 2 Low Battery Warning
2025-03-15 12:15:20,FleetManager,WARN,Robot 2 Low Battery Warning
2025-03-15 12:15:21,FleetManager,WARN,Robot 2 Low Battery Warning
2025-03-15 12:15:22,FleetManager,WARN,Robot 2 Low Battery Warning
2025-03-15 12:15:23,FleetManager,WARN,Robot 2 Low Battery Warning
2025-03-15 12:15:24,FleetManager,WARN,Robot 2 Low Battery Warning
2025-03-15 12:15:25,FleetManager,WARN,Robot 2 Low Battery Warning
2025-03-15 12:15:26,FleetManager,WARN,Robot 2 Low Battery Warning
2025-03-15 12:15:27,FleetManager,WARN,Robot 2 Low Battery Warning
2025-03-15 12:15:28,FleetManager,WARN,Robot 2 Low Battery Warning
2025-03-15 12:15:29,FleetManager,WARN,Robot 2 Low Battery Warning
2025-03-15 12:15:30,FleetManager,WARN,Robot 2 Low Battery Warning
2025-03-15 12:15:31,FleetManager,WARN,Robot 2 Low Battery Warning
2025-03-15 12:15:32,FleetManager,WARN,Robot 2 Low Battery Warning
2025-03-15 12:15:33,FleetManager,WARN,Robot 2 Low Battery Warning
2025-03-15 12:15:34,FleetManager,WARN,Robot 2 Low Battery Warning
2025-03-15 12:15:35,FleetManager,WARN,Robot 2 Low Battery Warning
2025-03-15 12:15:36,FleetManager,WARN,Robot 2 Low Battery Warning
2025-03-15 12:15:37,FleetManager,WARN,Robot 2 Low Battery Warning
2025-03-15 12:15:38,FleetManager,WARN,Robot 2 Low Battery Warning
2025-03-15 12:15:39,FleetManager,WARN,Robot 2 Low Battery Warning
2025-03-15 12:15:40,FleetManager,WARN,Robot 2 Low Battery Warning
2025-03-15 12:15:41,FleetManager,WARN,Robot 2 Low Battery Warning
2025-03-15 12:15:42,FleetManager,WARN,Robot 2 Low Battery Warning
2025-03-15 12:15:43,FleetManager,WARN,Robot 2 Low Battery Warning
2025-03-15 12:15:44,FleetManager,WARN,Robot 2 Low Battery Warning
2025-03-15 12:15:45,FleetManager,WARN,Robot 2 Low Battery Warning
2025-03-15 12:15:46,FleetManager,WARN,Robot 2 Low Battery Warning
2025-03-15 12:15:47,FleetManager,WARN,Robot 2 Low Battery Warning
2025-03-15 12:15:48,FleetManager,WARN,Robot 2 Low Battery Warning
2025-03-15 12:15:49,FleetManager,WARN,Robot 2 Low Battery Warning
2025-03-15 12:15:50,FleetManager,WARN,Robot 2 Low Battery Warning
2025-03-15 12:15:51,FleetManager,WARN,Robot 2 Low Battery Warning
2025-03-15 12:15:52,FleetManager,WARN,Robot 2 Low Battery Warning
2025-03-15 12:15:53,FleetManager,WARN,Robot 2 Low Battery Warning
2025-03-15 12:15:54,FleetManager,WARN,Robot 2 Low Battery Warning
2025-03-15 12:15:55,FleetManager,WARN,Robot 2 Low Battery Warning
2025-03-15 12:15:56,FleetManager,WARN,Robot 2 Low Battery Warning
2025-03-15 12:15:57,FleetManager,WARN,Robot 2 Low Battery Warning
2025-03-15 12:15:58,FleetManager,WARN,Robot 2 Low Battery Warning
2025-03-15 12:15:59,FleetManager,WARN,Robot 2 Low Battery Warning
2025-03-15 12:16:00,FleetManager,WARN,Robot 2 Low Battery Warning
2025-03-15 12:16:01,FleetManager,WARN,Robot 2 Low Battery Warning
2025-03-15 12:16:02,FleetManager,WARN,Robot 2 Low Battery Warning
2025-03-15 12:16:03,FleetManager,WARN,Robot 2 Low Battery Warning
2025-03-15 12:16:04,FleetManager,WARN,Robot 2 Low Battery Warning
2025-03-15 12:16:05,FleetManager,WARN,Robot 2 Low Battery Warning
2025-03-15 12:16:06,FleetManager,WARN,Robot 2 Low Battery Warning
2025-03-15 12:16:07,FleetManager,WARN,Robot 2 Low Battery Warning
2025-03-15 12:16:08,FleetManager,WARN,Robot 2 Low Battery Warning
2025-03-15 12:16:09,FleetManager,WARN,Robot 2 Low Battery Warning
2025-03-15 12:16:10,FleetManager,WARN,Robot 2 Low Battery Warning
2025-03-15 12:16:11,FleetManager,WARN,Robot 2 Low Battery Warning
2025-03-15 12:16:12,FleetManager,WARN,Robot 2 Low Battery Warning
2025-03-15 12:16:13,FleetManager,WARN,Robot 2 Low Battery Warning
2025-03-15 12:16:14,FleetManager,WARN,Robot 2 Low Battery Warning
2025-03-15 12:16:15,FleetManager,WARN,Robot 2 Low Battery Warning
2025-03-15 12:16:16,FleetManager,WARN,Robot 2 Low Battery Warning
2025-03-15 12:16:17,FleetManager,WARN,Robot 2 Low Battery Warning
2025-03-15 12:16:18,FleetManager,WARN,Robot 2 Low Battery Warning
2025-03-15 12:16:19,FleetManager,WARN,Robot 2 Low Battery Warning
2025-03-15 12:16:20,FleetManager,WARN,Robot 2 Low Battery Warning
2025-03-15 12:16:21,FleetManager,WARN,Robot 2 Low Battery Warning
2025-03-15 12:16:22,FleetManager,WARN,Robot 2 Low Battery Warning
2025-03-15 12:16:23,FleetManager,WARN,Robot 2 Low Battery Warning
2025-03-15 12:16:24,FleetManager,WARN,Robot 2 Low Battery Warning
2025-03-15 12:16:25,FleetManager,WARN,Robot 2 Low Battery Warning
2025-03-15 12:16:26,FleetManager,WARN,Robot 2 Low Battery Warning
2025-03-15 12:16:27,FleetManager,WARN,Robot 2 Low Battery Warning
2025-03-15 12:16:28,FleetManager,WARN,Robot 2 Low Battery Warning
2025-03-15 12:16:29,FleetManager,WARN,Robot 2 Low Battery Warning
2025-03-15 12:16:30,FleetManager,WARN,Robot 2 Low Battery Warning
2025-03-15 12:16:31,FleetManager,WARN,Robot 2 Low Battery Warning
2025-03-15 12:16:32,FleetManager,WARN,Robot 2 Low Battery Warning
2025-03-15 12:16:33,FleetManager,WARN,Robot 2 Low Battery Warning
2025-03-15 12:16:34,FleetManager,WARN,Robot 2 Low Battery Warning
2025-03-15 12:16:35,FleetManager,WARN,Robot 2 Low Battery Warning
2025-03-15 12:16:36,FleetManager,WARN,Robot 2 Low Battery Warning
2025-03-15 12:16:37,FleetManager,WARN,Robot 2 Low Battery Warning
2025-03-15 12:16:38,FleetManager,WARN,Robot 2 Low Battery Warning
2025-03-15 12:16:39,FleetManager,WARN,Robot 2 Low Battery Warning
2025-03-15 12:16:40,FleetManager,WARN,Robot 2 Low Battery Warning
2025-03-15 12:16:41,FleetManager,WARN,Robot 2 Low Battery Warning
2025-03-15 12:16:42,FleetManager,WARN,Robot 2 Low Battery Warning
2025-03-15 12:16:43,FleetManager,WARN,Robot 2 Low Battery Warning
2025-03-15 12:16:44,FleetManager,WARN,Robot 2 Low Battery Warning
2025-03-15 12:16:45,FleetManager,WARN,Robot 2 Low Battery Warning
2025-03-15 12:16:46,FleetManager,WARN,Robot 2 Low Battery Warning
2025-03-15 12:16:47,FleetManager,WARN,Robot 2 Low Battery Warning
2025-03-15 12:16:48,FleetManager,WARN,Robot 2 Low Battery Warning
2025-03-15 12:16:49,FleetManager,WARN,Robot 2 Low Battery Warning
2025-03-15 12:16:50,FleetManager,WARN,Robot 2 Low Battery Warning
2025-03-15 12:16:51,FleetManager,WARN,Robot 2 Low Battery Warning
2025-03-15 12:16:52,FleetManager,WARN,Robot 2 Low Battery Warning
2025-03-15 12:16:53,FleetManager,WARN,Robot 2 Low Battery Warning
2025-03-15 12:16:54,FleetManager,WARN,Robot 2 Low Battery Warning
2025-03-15 12:16:55,FleetManager,WARN,Robot 2 Low Battery Warning
2025-03-15 12:16:56,FleetManager,WARN,Robot 2 Low Battery Warning
2025-03-15 12:16:57,FleetManager,WARN,Robot 2 Low Battery Warning
2025-03-15 12:16:58,FleetManager,WARN,Robot 2 Low Battery Warning
2025-03-15 12:16:59,FleetManager,WARN,Robot 2 Low Battery Warning
2025-03-15 12:17:00,FleetManager,WARN,Robot 2 Low Battery Warning
2025-03-15 12:17:01,FleetManager,WARN,Robot 2 Low Battery Warning
2025-03-15 12:17:02,FleetManager,WARN,Robot 2 Low Battery Warning
2025-03-15 12:17:03,FleetManager,WARN,Robot 2 Low Battery Warning
2025-03-15 12:17:04,FleetManager,WARN,Robot 2 Low Battery Warning
2025-03-15 12:17:05,FleetManager,WARN,Robot 2 Low Battery Warning
2025-03-15 12:17:06,FleetManager,WARN,Robot 2 Low Battery Warning
2025-03-15 12:17:07,FleetManager,WARN,Robot 2 Low Battery Warning
2025-03-15 12:17:08,FleetManager,WARN,Robot 2 Low Battery Warning
2025-03-15 12:17:09,FleetManager,WARN,Robot 2 Low Battery Warning
2025-03-15 12:17:10,FleetManager,WARN,Robot 2 Low Battery Warning
2025-03-15 12:17:11,FleetManager,WARN,Robot 2 Low Battery Warning
2025-03-15 12:17:12,FleetManager,WARN,Robot 2 Low Battery Warning
2025-03-15 12:17:13,FleetManager,WARN,Robot 2 Low Battery Warning
2025-03-15 12:17:14,FleetManager,WARN,Robot 2 Low Battery Warning
2025-03-15 12:17:15,FleetManager,WARN,Robot 2 Low Battery Warning
2025-03-15 12:17:16,FleetManager,WARN,Robot 2 Low Battery Warning
2025-03-15 12:17:17,FleetManager,WARN,Robot 2 Low Battery Warning
2025-03-15 12:17:18,FleetManager,WARN,Robot 2 Low Battery Warning
2025-03-15 12:17:19,FleetManager,WARN,Robot 2 Low Battery Warning
2025-03-15 12:17:20,FleetManager,WARN,Robot 2 Low Battery Warning
2025-03-15 12:17:21,FleetManager,WARN,Robot 2 Low Battery Warning
2025-03-15 12:17:22,FleetManager,WARN,Robot 2 Low Battery Warning
2025-03-15 12:17:23,FleetManager,WARN,Robot 2 Low Battery Warning
2025-03-15 12:17:24,FleetManager,WARN,Robot 2 Low Battery Warning
2025-03-15 12:17:25,FleetManager,WARN,Robot 2 Low Battery Warning
2025-03-15 12:17:26,FleetManager,WARN,Robot 2 Low Battery Warning
2025-03-15 12:17:27,FleetManager,WARN,Robot 2 Low Battery Warning
2025-03-15 12:17:28,FleetManager,WARN,Robot 2 Low Battery Warning
2025-03-15 12:17:29,FleetManager,WARN,Robot 2 Low Battery Warning
2025-03-15 12:17:30,FleetManager,WARN,Robot 2 Low Battery Warning
2025-03-15 12:17:31,FleetManager,WARN,Robot 2 Low Battery Warning
2025-03-15 12:17:32,FleetManager,WARN,Robot 2 Low Battery Warning
2025-03-15 12:17:33,FleetManager,WARN,Robot 2 Low Battery Warning
2025-03-15 12:17:34,FleetManager,WARN,Robot 2 Low Battery Warning
2025-03-15 12:17:35,FleetManager,WARN,Robot 2 Low Battery Warning
2025-03-15 12:17:36,FleetManager,WARN,Robot 2 Low Battery Warning
2025-03-15 12:17:37,FleetManager,WARN,Robot 2 Low Battery Warning
2025-03-15 12:17:38,FleetManager,WARN,Robot 2 Low Battery Warning
2025-03-15 12:17:39,FleetManager,WARN,Robot 2 Low Battery Warning
2025-03-15 12:17:40,FleetManager,WARN,Robot 2 Low Battery Warning
2025-03-15 12:17:41,FleetManager,WARN,Robot 2 Low Battery Warning
2025-03-15 12:17:42,FleetManager,WARN,Robot 2 Low Battery Warning
2025-03-15 12:17:43,FleetManager,WARN,Robot 2 Low Battery Warning
2025-03-15 12:17:44,FleetManager,WARN,Robot 2 Low Battery Warning
2025-03-15 12:17:45,FleetManager,WARN,Robot 2 Low Battery Warning
2025-03-15 12:17:46,FleetManager,WARN,Robot 2 Low Battery Warning
2025-03-15 12:17:47,FleetManager,WARN,Robot 2 Low Battery Warning
2025-03-15 12:17:48,FleetManager,WARN,Robot 2 Low Battery Warning
2025-03-15 12:17:49,FleetManager,WARN,Robot 2 Low Battery Warning
2025-03-15 12:17:50,FleetManager,WARN,Robot 2 Low Battery Warning
2025-03-15 12:17:51,FleetManager,WARN,Robot 2 Low Battery Warning
2025-03-15 12:17:52,FleetManager,WARN,Robot 2 Low Battery Warning
2025-03-15 12:17:53,FleetManager,WARN,Robot 2 Low Battery Warning
2025-03-15 12:17:54,FleetManager,WARN,Robot 2 Low Battery Warning
2025-03-15 12:17:55,FleetManager,WARN,Robot 2 Low Battery Warning
2025-03-15 12:17:56,FleetManager,WARN,Robot 2 Low Battery Warning
2025-03-15 12:17:57,FleetManager,WARN,Robot 2 Low Battery Warning
2025-03-15 12:17:58,FleetManager,WARN,Robot 2 Low Battery Warning
2025-03-15 12:17:59,FleetManager,WARN,Robot 2 Low Battery Warning
2025-03-15 12:18:00,FleetManager,WARN,Robot 2 Low Battery Warning
2025-03-15 12:18:01,FleetManager,WARN,Robot 2 Low Battery Warning
2025-03-15 12:18:02,FleetManager,WARN,Robot 2 Low Battery Warning
2025-03-15 12:18:03,FleetManager,WARN,Robot 2 Low Battery Warning
2025-03-15 12:18:04,FleetManager,WARN,Robot 2 Low Battery Warning
2025-03-15 12:18:05,FleetManager,WARN,Robot 2 Low Battery Warning
2025-03-15 12:18:06,FleetManager,WARN,Robot 2 Low Battery Warning
2025-03-15 12:18:07,FleetManager,WARN,Robot 2 Low Battery Warning
2025-03-15 12:18:08,FleetManager,WARN,Robot 2 Low Battery Warning
2025-03-15 12:18:09,FleetManager,WARN,Robot 2 Low Battery Warning
2025-03-15 12:18:10,FleetManager,WARN,Robot 2 Low Battery Warning
2025-03-15 12:18:11,FleetManager,WARN,Robot 2 Low Battery Warning
2025-03-15 12:18:12,FleetManager,WARN,Robot 2 Low Battery Warning
2025-03-15 12:18:13,FleetManager,WARN,Robot 2 Low Battery Warning
2025-03-15 12:18:14,FleetManager,WARN,Robot 2 Low Battery Warning
2025-03-15 12:18:15,FleetManager,WARN,Robot 2 Low Battery Warning
2025-03-15 12:18:16,FleetManager,WARN,Robot 2 Low Battery Warning
2025-03-15 12:18:17,FleetManager,WARN,Robot 2 Low Battery Warning
2025-03-15 12:18:18,FleetManager,WARN,Robot 2 Low Battery Warning
2025-03-15 12:18:19,FleetManager,WARN,Robot 2 Low Battery Warning
2025-03-15 12:18:20,FleetManager,WARN,Robot 2 Low Battery Warning
2025-03-15 12:18:21,FleetManager,WARN,Robot 2 Low Battery Warning
2025-03-15 12:18:22,FleetManager,WARN,Robot 2 Low Battery Warning
2025-03-15 12:18:23,FleetManager,WARN,Robot 2 Low Battery Warning
2025-03-15 12:18:24,FleetManager,WARN,Robot 2 Low Battery Warning
2025-03-15 12:18:25,FleetManager,WARN,Robot 2 Low Battery Warning
2025-03-15 12:18:26,FleetManager,WARN,Robot 2 Low Battery Warning
2025-03-15 12:18:27,FleetManager,WARN,Robot 2 Low Battery Warning
2025-03-15 12:18:28,FleetManager,WARN,Robot 2 Low Battery Warning
2025-03-15 12:18:29,FleetManager,WARN,Robot 2 Low Battery Warning
2025-03-15 12:18:30,FleetManager,WARN,Robot 2 Low Battery Warning
2025-03-15 12:18:31,FleetManager,WARN,Robot 2 Low Battery Warning
2025-03-15 12:18:32,FleetManager,WARN,Robot 2 Low Battery Warning
2025-03-15 12:18:33,FleetManager,WARN,Robot 2 Low Battery Warning
2025-03-15 12:18:34,FleetManager,WARN,Robot 2 Low Battery Warning
2025-03-15 12:18:35,FleetManager,WARN,Robot 2 Low Battery Warning
2025-03-15 12:18:36,FleetManager,WARN,Robot 2 Low Battery Warning
2025-03-15 12:18:37,FleetManager,WARN,Robot 2 Low Battery Warning
2025-03-15 12:18:38,FleetManager,WARN,Robot 2 Low Battery Warning
2025-03-15 12:18:39,FleetManager,WARN,Robot 2 Low Battery Warning
2025-03-15 12:18:40,FleetManager,WARN,Robot 2 Low Battery Warning
2025-03-15 12:18:41,FleetManager,WARN,Robot 2 Low Battery Warning
2025-03-15 12:18:42,FleetManager,WARN,Robot 2 Low Battery Warning
2025-03-15 12:18:43,FleetManager,WARN,Robot 2 Low Battery Warning
2025-03-15 12:18:44,FleetManager,WARN,Robot 2 Low Battery Warning
2025-03-15 12:18:45,FleetManager,WARN,Robot 2 Low Battery Warning
2025-03-15 12:18:46,FleetManager,WARN,Robot 2 Low Battery Warning
2025-03-15 12:18:47,FleetManager,WARN,Robot 2 Low Battery Warning
2025-03-15 12:18:48,FleetManager,WARN,Robot 2 Low Battery Warning
2025-03-15 12:18:49,FleetManager,WARN,Robot 2 Low Battery Warning
2025-03-15 12:18:50,FleetManager,WARN,Robot 2 Low Battery Warning
2025-03-15 12:18:51,FleetManager,WARN,Robot 2 Low Battery Warning
2025-03-15 12:18:52,FleetManager,WARN,Robot 2 Low Battery Warning
2025-03-15 12:18:53,FleetManager,WARN,Robot 2 Low Battery Warning
2025-03-15 12:18:54,FleetManager,WARN,Robot 2 Low Battery Warning
2025-03-15 12:18:55,FleetManager,WARN,Robot 2 Low Battery Warning
2025-03-15 12:18:56,FleetManager,WARN,Robot 2 Low Battery Warning
2025-03-15 12:18:57,FleetManager,WARN,Robot 2 Low Battery Warning
2025-03-15 12:18:58,FleetManager,WARN,Robot 2 Low Battery Warning
2025-03-15 12:18:59,FleetManager,WARN,Robot 2 Low Battery Warning
2025-03-15 12:19:00,FleetManager,WARN,Robot 2 Low Battery Warning
2025-03-15 12:19:01,FleetManager,WARN,Robot 2 Low Battery Warning
2025-03-15 12:19:02,FleetManager,WARN,Robot 2 Low Battery Warning
2025-03-15 12:19:03,FleetManager,WARN,Robot 2 Low Battery Warning
2025-03-15 12:19:04,FleetManager,WARN,Robot 2 Low Battery Warning
2025-03-15 12:19:05,FleetManager,WARN,Robot 2 Low Battery Warning
2025-03-15 12:19:06,FleetManager,WARN,Robot 2 Low Battery Warning
2025-03-15 12:19:07,FleetManager,WARN,Robot 2 Low Battery Warning
2025-03-15 12:19:08,FleetManager,WARN,Robot 2 Low Battery Warning
2025-03-15 12:19:09,FleetManager,WARN,Robot 2 Low Battery Warning
2025-03-15 12:19:10,FleetManager,WARN,Robot 2 Low Battery Warning
2025-03-15 12:19:11,FleetManager,WARN,Robot 2 Low Battery Warning
2025-03-15 12:19:12,FleetManager,WARN,Robot 2 Low Battery Warning
2025-03-15 12:19:13,FleetManager,WARN,Robot 2 Low Battery Warning
2025-03-15 12:19:14,FleetManager,WARN,Robot 2 Low Battery Warning
2025-03-15 12:19:15,FleetManager,WARN,Robot 2 Low Battery Warning
2025-03-15 12:19:16,FleetManager,WARN,Robot 2 Low Battery Warning
2025-03-15 12:19:17,FleetManager,WARN,Robot 2 Low Battery Warning
2025-03-15 12:19:18,FleetManager,WARN,Robot 2 Low Battery Warning
2025-03-15 12:19:19,FleetManager,WARN,Robot 2 Low Battery Warning
2025-03-15 12:19:20,FleetManager,WARN,Robot 2 Low Battery Warning
2025-03-15 12:19:21,FleetManager,WARN,Robot 2 Low Battery Warning
2025-03-15 12:19:22,FleetManager,WARN,Robot 2 Low Battery Warning
2025-03-15 12:19:23,FleetManager,WARN,Robot 2 Low Battery Warning
2025-03-15 12:19:24,FleetManager,WARN,Robot 2 Low Battery Warning
2025-03-15 12:19:25,FleetManager,WARN,Robot 2 Low Battery Warning
2025-03-15 12:19:26,FleetManager,WARN,Robot 2 Low Battery Warning
2025-03-15 12:19:27,FleetManager,WARN,Robot 2 Low Battery Warning
2025-03-15 12:19:28,FleetManager,WARN,Robot 2 Low Battery Warning
2025-03-15 12:19:29,FleetManager,WARN,Robot 2 Low Battery Warning
2025-03-15 12:19:30,FleetManager,WARN,Robot 2 Low Battery Warning
2025-03-15 12:19:31,FleetManager,WARN,Robot 2 Low Battery Warning
2025-03-15 12:19:32,FleetManager,WARN,Robot 2 Low Battery Warning
2025-03-15 12:19:33,FleetManager,WARN,Robot 2 Low Battery Warning
2025-03-15 12:19:34,FleetManager,WARN,Robot 2 Low Battery Warning
2025-03-15 12:19:35,FleetManager,WARN,Robot 2 Low Battery Warning
2025-03-15 12:19:36,FleetManager,WARN,Robot 2 Low Battery Warning
2025-03-15 12:19:37,FleetManager,WARN,Robot 2 Low Battery Warning
2025-03-15 12:19:38,FleetManager,WARN,Robot 2 Low Battery Warning
2025-03-15 12:19:39,FleetManager,WARN,Robot 2 Low Battery Warning
2025-03-15 12:19:40,FleetManager,WARN,Robot 2 Low Battery Warning
2025-03-15 12:19:41,FleetManager,WARN,Robot 2 Low Battery Warning
2025-03-15 12:19:42,FleetManager,WARN,Robot 2 Low Battery Warning
2025-03-15 12:19:43,FleetManager,WARN,Robot 2 Low Battery Warning
2025-03-15 12:19:44,FleetManager,WARN,Robot 2 Low Battery Warning
2025-03-15 12:19:45,FleetManager,WARN,Robot 2 Low Battery Warning
2025-03-15 12:19:46,FleetManager,WARN,Robot 2 Low Battery Warning
2025-03-15 12:19:47,FleetManager,WARN,Robot 2 Low Battery Warning
2025-03-15 12:19:48,FleetManager,WARN,Robot 2 Low Battery Warning
2025-03-15 12:19:49,FleetManager,WARN,Robot 2 Low Battery Warning
2025-03-15 12:19:50,FleetManager,WARN,Robot 2 Low Battery Warning
2025-03-15 12:19:51,FleetManager,WARN,Robot 2 Low Battery Warning
2025-03-15 12:19:52,FleetManager,WARN,Robot 2 Low Battery Warning
2025-03-15 12:19:53,FleetManager,WARN,Robot 2 Low Battery Warning
2025-03-15 12:19:54,FleetManager,WARN,Robot 2 Low Battery Warning
2025-03-15 12:19:55,FleetManager,WARN,Robot 2 Low Battery Warning
2025-03-15 12:19:56,FleetManager,WARN,Robot 2 Low Battery Warning
2025-03-15 12:19:57,FleetManager,WARN,Robot 2 Low Battery Warning
2025-03-15 12:19:58,FleetManager,WARN,Robot 2 Low Battery Warning
2025-03-15 12:19:59,FleetManager,WARN,Robot 2 Low Battery Warning
2025-03-15 12:20:00,FleetManager,WARN,Robot 2 Low Battery Warning
2025-03-15 12:20:01,FleetManager,WARN,Robot 2 Low Battery Warning
2025-03-15 12:20:02,FleetManager,WARN,Robot 2 Low Battery Warning
2025-03-15 12:20:03,FleetManager,WARN,Robot 2 Low Battery Warning
2025-03-15 12:20:04,FleetManager,WARN,Robot 2 Low Battery Warning
2025-03-15 12:20:05,FleetManager,WARN,Robot 2 Low Battery Warning
2025-03-15 12:20:06,FleetManager,WARN,Robot 2 Low Battery Warning
2025-03-15 12:20:07,FleetManager,WARN,Robot 2 Low Battery Warning
2025-03-15 12:20:08,FleetManager,WARN,Robot 2 Low Battery Warning
2025-03-15 12:20:09,FleetManager,WARN,Robot 2 Low Battery Warning
2025-03-15 12:20:10,FleetManager,WARN,Robot 2 Low Battery Warning
2025-03-15 12:20:11,FleetManager,WARN,Robot 2 Low Battery Warning
2025-03-15 12:20:12,FleetManager,WARN,Robot 2 Low Battery Warning
2025-03-15 12:20:13,FleetManager,WARN,Robot 2 Low Battery Warning
2025-03-15 12:20:14,FleetManager,WARN,Robot 2 Low Battery Warning
2025-03-15 12:20:15,FleetManager,WARN,Robot 2 Low Battery Warning
2025-03-15 12:20:16,FleetManager,WARN,Robot 2 Low Battery Warning
2025-03-15 12:20:17,FleetManager,WARN,Robot 2 Low Battery Warning
2025-03-15 12:20:18,FleetManager,WARN,Robot 2 Low Battery Warning
2025-03-15 12:20:19,FleetManager,WARN,Robot 2 Low Battery Warning
2025-03-15 12:20:20,FleetManager,WARN,Robot 2 Low Battery Warning
2025-03-15 12:20:21,FleetManager,WARN,Robot 2 Low Battery Warning
2025-03-15 12:20:22,FleetManager,WARN,Robot 2 Low Battery Warning
2025-03-15 12:20:23,FleetManager,WARN,Robot 2 Low Battery Warning
2025-03-15 12:20:24,FleetManager,WARN,Robot 2 Low Battery Warning
2025-03-15 12:20:25,FleetManager,WARN,Robot 2 Low Battery Warning
2025-03-15 12:20:26,FleetManager,WARN,Robot 2 Low Battery Warning
2025-03-15 12:20:27,FleetManager,WARN,Robot 2 Low Battery Warning
2025-03-15 12:20:28,FleetManager,WARN,Robot 2 Low Battery Warning
2025-03-15 12:20:29,FleetManager,WARN,Robot 2 Low Battery Warning
2025-03-15 12:20:30,FleetManager,WARN,Robot 2 Low Battery Warning
2025-03-15 12:20:31,FleetManager,WARN,Robot 2 Low Battery Warning
2025-03-15 12:20:32,FleetManager,WARN,Robot 2 Low Battery Warning
2025-03-15 12:20:33,FleetManager,WARN,Robot 2 Low Battery Warning
2025-03-15 12:20:34,FleetManager,WARN,Robot 2 Low Battery Warning
2025-03-15 12:20:35,FleetManager,WARN,Robot 2 Low Battery Warning
2025-03-15 12:20:36,FleetManager,WARN,Robot 2 Low Battery Warning
2025-03-15 12:20:37,FleetManager,WARN,Robot 2 Low Battery Warning
2025-03-15 12:20:38,FleetManager,WARN,Robot 2 Low Battery Warning
2025-03-15 12:20:39,FleetManager,WARN,Robot 2 Low Battery Warning
2025-03-15 12:20:40,FleetManager,WARN,Robot 2 Low Battery Warning
2025-03-15 12:20:41,FleetManager,WARN,Robot 2 Low Battery Warning
2025-03-15 12:20:42,FleetManager,WARN,Robot 2 Low Battery Warning
2025-03-15 12:20:43,FleetManager,WARN,Robot 2 Low Battery Warning
2025-03-15 12:20:44,FleetManager,WARN,Robot 2 Low Battery Warning
2025-03-15 12:20:45,FleetManager,WARN,Robot 2 Low Battery Warning
2025-03-15 12:20:46,FleetManager,WARN,Robot 2 Low Battery Warning
2025-03-15 12:20:47,FleetManager,WARN,Robot 2 Low Battery Warning
2025-03-15 12:20:48,FleetManager,WARN,Robot 2 Low Battery Warning
2025-03-15 12:20:49,FleetManager,WARN,Robot 2 Low Battery Warning
2025-03-15 12:20:50,FleetManager,WARN,Robot 2 Low Battery Warning
2025-03-15 12:20:51,FleetManager,WARN,Robot 2 Low Battery Warning
2025-03-15 12:20:52,FleetManager,WARN,Robot 2 Low Battery Warning
2025-03-15 12:20:53,FleetManager,WARN,Robot 2 Low Battery Warning
2025-03-15 12:20:54,FleetManager,WARN,Robot 2 Low Battery Warning
2025-03-15 12:20:55,FleetManager,WARN,Robot 2 Low Battery Warning
2025-03-15 12:20:56,FleetManager,WARN,Robot 2 Low Battery Warning
2025-03-15 12:20:57,FleetManager,WARN,Robot 2 Low Battery Warning
2025-03-15 12:20:58,FleetManager,WARN,Robot 2 Low Battery Warning
2025-03-15 12:20:59,FleetManager,WARN,Robot 2 Low Battery Warning
2025-03-15 12:21:00,FleetManager,WARN,Robot 2 Low Battery Warning
2025-03-15 12:21:01,FleetManager,WARN,Robot 2 Low Battery Warning
2025-03-15 12:21:02,FleetManager,WARN,Robot 2 Low Battery Warning
2025-03-15 12:21:03,FleetManager,WARN,Robot 2 Low Battery Warning
2025-03-15 12:21:04,FleetManager,WARN,Robot 2 Low Battery Warning
2025-03-15 12:21:05,FleetManager,WARN,Robot 2 Low Battery Warning
2025-03-15 12:21:06,FleetManager,WARN,Robot 2 Low Battery Warning
2025-03-15 12:21:07,FleetManager,WARN,Robot 2 Low Battery Warning
2025-03-15 12:21:08,FleetManager,WARN,Robot 2 Low Battery Warning
2025-03-15 12:21:09,FleetManager,WARN,Robot 2 Low Battery Warning
2025-03-15 12:21:10,FleetManager,WARN,Robot 2 Low Battery Warning
2025-03-15 12:21:11,FleetManager,WARN,Robot 2 Low Battery Warning
2025-03-15 12:21:12,FleetManager,WARN,Robot 2 Low Battery Warning
2025-03-15 12:21:13,FleetManager,WARN,Robot 2 Low Battery Warning
2025-03-15 12:21:14,FleetManager,WARN,Robot 2 Low Battery Warning
2025-03-15 12:21:15,FleetManager,WARN,Robot 2 Low Battery Warning
2025-03-15 12:21:16,FleetManager,WARN,Robot 2 Low Battery Warning
2025-03-15 12:21:17,FleetManager,WARN,Robot 2 Low Battery Warning
2025-03-15 12:21:18,FleetManager,WARN,Robot 2 Low Battery Warning
2025-03-15 12:21:19,FleetManager,WARN,Robot 2 Low Battery Warning
2025-03-15 12:21:20,FleetManager,WARN,Robot 2 Low Battery Warning
2025-03-15 12:21:21,FleetManager,WARN,Robot 2 Low Battery Warning
2025-03-15 12:21:22,FleetManager,WARN,Robot 2 Low Battery Warning
2025-03-15 12:21:23,FleetManager,WARN,Robot 2 Low Battery Warning
2025-03-15 12:21:24,FleetManager,WARN,Robot 2 Low Battery Warning
2025-03-15 12:21:25,FleetManager,WARN,Robot 2 Low Battery Warning
2025-03-15 12:21:26,FleetManager,WARN,Robot 2 Low Battery Warning
2025-03-15 12:21:27,FleetManager,WARN,Robot 2 Low Battery Warning
2025-03-15 12:21:28,FleetManager,WARN,Robot 2 Low Battery Warning
2025-03-15 12:21:29,FleetManager,WARN,Robot 2 Low Battery Warning
2025-03-15 12:21:30,FleetManager,WARN,Robot 2 Low Battery Warning
2025-03-15 12:21:31,FleetManager,WARN,Robot 2 Low Battery Warning
2025-03-15 12:21:32,FleetManager,WARN,Robot 2 Low Battery Warning
2025-03-15 12:21:33,FleetManager,WARN,Robot 2 Low Battery Warning
2025-03-15 12:21:34,FleetManager,WARN,Robot 2 Low Battery Warning
2025-03-15 12:21:35,FleetManager,WARN,Robot 2 Low Battery Warning
2025-03-15 12:21:36,FleetManager,WARN,Robot 2 Low Battery Warning
2025-03-15 12:21:37,FleetManager,WARN,Robot 2 Low Battery Warning
2025-03-15 12:21:38,FleetManager,WARN,Robot 2 Low Battery Warning
2025-03-15 12:21:39,FleetManager,WARN,Robot 2 Low Battery Warning
2025-03-15 12:21:40,FleetManager,WARN,Robot 2 Low Battery Warning
2025-03-15 12:21:41,FleetManager,WARN,Robot 2 Low Battery Warning
2025-03-15 12:21:42,FleetManager,WARN,Robot 2 Low Battery Warning
2025-03-15 12:21:43,FleetManager,WARN,Robot 2 Low Battery Warning
2025-03-15 12:21:44,FleetManager,WARN,Robot 2 Low Battery Warning
2025-03-15 12:21:45,FleetManager,WARN,Robot 2 Low Battery Warning
2025-03-15 12:21:46,FleetManager,WARN,Robot 2 Low Battery Warning
2025-03-15 12:21:47,FleetManager,WARN,Robot 2 Low Battery Warning
2025-03-15 12:21:48,FleetManager,WARN,Robot 2 Low Battery Warning
2025-03-15 12:21:49,FleetManager,WARN,Robot 2 Low Battery Warning
2025-03-15 12:21:50,FleetManager,WARN,Robot 2 Low Battery Warning
2025-03-15 12:21:51,FleetManager,WARN,Robot 2 Low Battery Warning
2025-03-15 12:21:52,FleetManager,WARN,Robot 2 Low Battery Warning
2025-03-15 12:21:53,FleetManager,WARN,Robot 2 Low Battery Warning
2025-03-15 12:21:54,FleetManager,WARN,Robot 2 Low Battery Warning
2025-03-15 12:21:55,FleetManager,WARN,Robot 2 Low Battery Warning
2025-03-15 12:21:56,FleetManager,WARN,Robot 2 Low Battery Warning
2025-03-15 12:21:57,FleetManager,WARN,Robot 2 Low Battery Warning
2025-03-15 12:21:58,FleetManager,WARN,Robot 2 Low Battery Warning
2025-03-15 12:21:59,FleetManager,WARN,Robot 2 Low Battery Warning
2025-03-15 12:22:00,FleetManager,WARN,Robot 2 Low Battery Warning
2025-03-15 12:22:01,FleetManager,WARN,Robot 2 Low Battery Warning
2025-03-15 12:22:02,FleetManager,WARN,Robot 2 Low Battery Warning
2025-03-15 12:22:03,FleetManager,WARN,Robot 2 Low Battery Warning
2025-03-15 12:22:04,FleetManager,WARN,Robot 2 Low Battery Warning
2025-03-15 12:22:05,FleetManager,WARN,Robot 2 Low Battery Warning
2025-03-15 12:22:06,FleetManager,WARN,Robot 2 Low Battery Warning
2025-03-15 12:22:07,FleetManager,WARN,Robot 2 Low Battery Warning
2025-03-15 12:22:08,FleetManager,WARN,Robot 2 Low Battery Warning
2025-03-15 12:22:09,FleetManager,WARN,Robot 2 Low Battery Warning
2025-03-15 12:22:10,FleetManager,WARN,Robot 2 Low Battery Warning
2025-03-15 12:22:11,FleetManager,WARN,Robot 2 Low Battery Warning
2025-03-15 12:22:12,FleetManager,WARN,Robot 2 Low Battery Warning
2025-03-15 12:22:13,FleetManager,WARN,Robot 2 Low Battery Warning
2025-03-15 12:22:14,FleetManager,WARN,Robot 2 Low Battery Warning
2025-03-15 12:22:15,FleetManager,WARN,Robot 2 Low Battery Warning
2025-03-15 12:22:16,FleetManager,WARN,Robot 2 Low Battery Warning
2025-03-15 12:22:17,FleetManager,WARN,Robot 2 Low Battery Warning
2025-03-15 12:22:18,FleetManager,WARN,Robot 2 Low Battery Warning
2025-03-15 12:22:19,FleetManager,WARN,Robot 2 Low Battery Warning
2025-03-15 12:22:20,FleetManager,WARN,Robot 2 Low Battery Warning
2025-03-15 12:22:21,FleetManager,WARN,Robot 2 Low Battery Warning
2025-03-15 12:22:22,FleetManager,WARN,Robot 2 Low Battery Warning
2025-03-15 12:22:23,FleetManager,WARN,Robot 2 Low Battery Warning
2025-03-15 12:22:24,FleetManager,WARN,Robot 2 Low Battery Warning
2025-03-15 12:22:25,FleetManager,WARN,Robot 2 Low Battery Warning
2025-03-15 12:22:26,FleetManager,WARN,Robot 2 Low Battery Warning
2025-03-15 12:22:27,FleetManager,WARN,Robot 2 Low Battery Warning
2025-03-15 12:22:28,FleetManager,WARN,Robot 2 Low Battery Warning
2025-03-15 12:22:29,FleetManager,WARN,Robot 2 Low Battery Warning
2025-03-15 12:22:30,FleetManager,WARN,Robot 2 Low Battery Warning
2025-03-15 12:22:31,FleetManager,WARN,Robot 2 Low Battery Warning
2025-03-15 12:22:32,FleetManager,WARN,Robot 2 Low Battery Warning
2025-03-15 12:22:33,FleetManager,WARN,Robot 2 Low Battery Warning
2025-03-15 12:22:34,FleetManager,WARN,Robot 2 Low Battery Warning
2025-03-15 12:22:35,FleetManager,WARN,Robot 2 Low Battery Warning
2025-03-15 12:22:36,FleetManager,WARN,Robot 2 Low Battery Warning
2025-03-15 12:22:37,FleetManager,WARN,Robot 2 Low Battery Warning
2025-03-15 12:22:38,FleetManager,WARN,Robot 2 Low Battery Warning
2025-03-15 12:22:39,FleetManager,WARN,Robot 2 Low Battery Warning
2025-03-15 12:22:40,FleetManager,WARN,Robot 2 Low Battery Warning
2025-03-15 12:22:41,FleetManager,WARN,Robot 2 Low Battery Warning
2025-03-15 12:22:42,FleetManager,WARN,Robot 2 Low Battery Warning
2025-03-15 12:22:43,FleetManager,WARN,Robot 2 Low Battery Warning
2025-03-15 12:22:44,FleetManager,WARN,Robot 2 Low Battery Warning
2025-03-15 12:22:45,FleetManager,WARN,Robot 2 Low Battery Warning
2025-03-15 12:22:46,FleetManager,WARN,Robot 2 Low Battery Warning
2025-03-15 12:22:47,FleetManager,WARN,Robot 2 Low Battery Warning
2025-03-15 12:22:48,FleetManager,WARN,Robot 2 Low Battery Warning
2025-03-15 12:22:49,FleetManager,WARN,Robot 2 Low Battery Warning
2025-03-15 12:22:50,FleetManager,WARN,Robot 2 Low Battery Warning
2025-03-15 12:22:51,FleetManager,WARN,Robot 2 Low Battery Warning
2025-03-15 12:22:52,FleetManager,WARN,Robot 2 Low Battery Warning
2025-03-15 12:22:53,FleetManager,WARN,Robot 2 Low Battery Warning
2025-03-15 12:22:54,FleetManager,WARN,Robot 2 Low Battery Warning
2025-03-15 12:22:55,FleetManager,WARN,Robot 2 Low Battery Warning
2025-03-15 12:22:56,FleetManager,WARN,Robot 2 Low Battery Warning
2025-03-15 12:22:57,FleetManager,WARN,Robot 2 Low Battery Warning
2025-03-15 12:22:58,FleetManager,WARN,Robot 2 Low Battery Warning
2025-03-15 12:22:59,FleetManager,WARN,Robot 2 Low Battery Warning
2025-03-15 12:23:00,FleetManager,WARN,Robot 2 Low Battery Warning
2025-03-15 12:23:01,FleetManager,WARN,Robot 2 Low Battery Warning
2025-03-15 12:23:02,FleetManager,WARN,Robot 2 Low Battery Warning
2025-03-15 12:23:03,FleetManager,WARN,Robot 2 Low Battery Warning
2025-03-15 12:23:16,FleetManager,WARN,Robot 2 Low Battery Warning
2025-03-15 12:23:29,FleetManager,WARN,Robot 2 Low Battery Warning
2025-03-15 12:23:53,FleetManager,WARN,Robot 2 Low Battery Warning
2025-03-15 12:23:56,FleetManager,WARN,Robot 2 Low Battery Warning
2025-03-15 12:23:56,FleetManager,WARN,Robot 2 Low Battery Warning
2025-03-15 12:23:56,FleetManager,WARN,Robot 2 Low Battery Warning
2025-03-15 12:23:56,FleetManager,WARN,Robot 2 Low Battery Warning
2025-03-15 12:23:56,FleetManager,WARN,Robot 2 Low Battery Warning
2025-03-15 12:23:56,FleetManager,WARN,Robot 2 Low Battery Warning
2025-03-15 12:23:56,FleetManager,WARN,Robot 2 Low Battery Warning
2025-03-15 12:23:56,FleetManager,WARN,Robot 2 Low Battery Warning
2025-03-15 12:23:56,FleetManager,WARN,Robot 2 Low Battery Warning
2025-03-15 12:23:56,FleetManager,WARN,Robot 2 Low Battery Warning
2025-03-15 12:23:56,FleetManager,WARN,Robot 2 Low Battery Warning
2025-03-15 12:23:57,FleetManager,WARN,Robot 2 Low Battery Warning
2025-03-15 12:23:58,FleetManager,WARN,Robot 2 Low Battery Warning
2025-03-15 12:23:59,FleetManager,WARN,Robot 2 Low Battery Warning
2025-03-15 12:24:00,FleetManager,WARN,Robot 2 Low Battery Warning
2025-03-15 12:24:01,FleetManager,WARN,Robot 2 Low Battery Warning
2025-03-15 12:24:02,FleetManager,WARN,Robot 2 Low Battery Warning
2025-03-15 12:24:03,FleetManager,WARN,Robot 2 Low Battery Warning
2025-03-15 12:24:04,FleetManager,WARN,Robot 2 Low Battery Warning
2025-03-15 12:24:05,FleetManager,WARN,Robot 2 Low Battery Warning
2025-03-15 12:24:06,FleetManager,WARN,Robot 2 Low Battery Warning
2025-03-15 12:24:07,FleetManager,WARN,Robot 2 Low Battery Warning
2025-03-15 12:24:08,FleetManager,WARN,Robot 2 Low Battery Warning
2025-03-15 12:24:09,FleetManager,WARN,Robot 2 Low Battery Warning
2025-03-15 12:24:10,FleetManager,WARN,Robot 2 Low Battery Warning
2025-03-15 12:24:11,FleetManager,WARN,Robot 2 Low Battery Warning
2025-03-15 12:24:12,FleetManager,WARN,Robot 2 Low Battery Warning
2025-03-15 12:24:13,FleetManager,WARN,Robot 2 Low Battery Warning
2025-03-15 12:24:14,FleetManager,WARN,Robot 2 Low Battery Warning
2025-03-15 12:24:15,FleetManager,WARN,Robot 2 Low Battery Warning
2025-03-15 12:24:16,FleetManager,WARN,Robot 2 Low Battery Warning
2025-03-15 12:24:17,FleetManager,WARN,Robot 2 Low Battery Warning
2025-03-15 12:24:18,FleetManager,WARN,Robot 2 Low Battery Warning
2025-03-15 12:24:19,FleetManager,WARN,Robot 2 Low Battery Warning
2025-03-15 12:24:20,FleetManager,WARN,Robot 2 Low Battery Warning
2025-03-15 12:24:21,FleetManager,WARN,Robot 2 Low Battery Warning
2025-03-15 12:24:22,FleetManager,WARN,Robot 2 Low Battery Warning
2025-03-15 12:24:23,FleetManager,WARN,Robot 2 Low Battery Warning
2025-03-15 12:24:24,FleetManager,WARN,Robot 2 Low Battery Warning
2025-03-15 12:24:25,FleetManager,WARN,Robot 2 Low Battery Warning
2025-03-15 12:24:26,FleetManager,WARN,Robot 2 Low Battery Warning
2025-03-15 12:24:27,FleetManager,WARN,Robot 2 Low Battery Warning
2025-03-15 12:24:28,FleetManager,WARN,Robot 2 Low Battery Warning
2025-03-15 12:24:29,FleetManager,WARN,Robot 2 Low Battery Warning
2025-03-15 12:24:30,FleetManager,WARN,Robot 2 Low Battery Warning
2025-03-15 12:24:31,FleetManager,WARN,Robot 2 Low Battery Warning
2025-03-15 12:24:32,FleetManager,WARN,Robot 2 Low Battery Warning
2025-03-15 12:24:33,FleetManager,WARN,Robot 2 Low Battery Warning
2025-03-15 12:24:34,FleetManager,WARN,Robot 2 Low Battery Warning
2025-03-15 12:24:35,FleetManager,WARN,Robot 2 Low Battery Warning
2025-03-15 12:24:36,FleetManager,WARN,Robot 2 Low Battery Warning
2025-03-15 12:24:37,FleetManager,WARN,Robot 2 Low Battery Warning
2025-03-15 12:24:38,FleetManager,WARN,Robot 2 Low Battery Warning
2025-03-15 12:24:39,FleetManager,WARN,Robot 2 Low Battery Warning
2025-03-15 12:24:40,FleetManager,WARN,Robot 2 Low Battery Warning
2025-03-15 12:24:41,FleetManager,WARN,Robot 2 Low Battery Warning
2025-03-15 12:24:42,FleetManager,WARN,Robot 2 Low Battery Warning
2025-03-15 12:24:43,FleetManager,WARN,Robot 2 Low Battery Warning
2025-03-15 12:24:44,FleetManager,WARN,Robot 2 Low Battery Warning
2025-03-15 12:24:45,FleetManager,WARN,Robot 2 Low Battery Warning
2025-03-15 12:24:46,FleetManager,WARN,Robot 2 Low Battery Warning
2025-03-15 12:24:47,FleetManager,WARN,Robot 2 Low Battery Warning
2025-03-15 12:24:48,FleetManager,WARN,Robot 2 Low Battery Warning
2025-03-15 12:24:49,FleetManager,WARN,Robot 2 Low Battery Warning
2025-03-15 12:24:50,FleetManager,WARN,Robot 2 Low Battery Warning
2025-03-15 12:24:51,FleetManager,WARN,Robot 2 Low Battery Warning
2025-03-15 12:24:52,FleetManager,WARN,Robot 2 Low Battery Warning
2025-03-15 12:24:53,FleetManager,WARN,Robot 2 Low Battery Warning
2025-03-15 12:24:54,FleetManager,WARN,Robot 2 Low Battery Warning
2025-03-15 12:24:55,FleetManager,WARN,Robot 2 Low Battery Warning
2025-03-15 12:24:56,FleetManager,WARN,Robot 2 Low Battery Warning
2025-03-15 12:24:57,FleetManager,WARN,Robot 2 Low Battery Warning
2025-03-15 12:24:58,FleetManager,WARN,Robot 2 Low Battery Warning
2025-03-15 12:24:59,FleetManager,WARN,Robot 2 Low Battery Warning
2025-03-15 12:25:00,FleetManager,WARN,Robot 2 Low Battery Warning
2025-03-15 12:25:01,FleetManager,WARN,Robot 2 Low Battery Warning
2025-03-15 12:25:02,FleetManager,WARN,Robot 2 Low Battery Warning
2025-03-15 12:25:03,FleetManager,WARN,Robot 2 Low Battery Warning
2025-03-15 12:25:04,FleetManager,WARN,Robot 2 Low Battery Warning
2025-03-15 12:25:05,FleetManager,WARN,Robot 2 Low Battery Warning
2025-03-15 12:25:06,FleetManager,WARN,Robot 2 Low Battery Warning
2025-03-15 12:25:07,FleetManager,WARN,Robot 2 Low Battery Warning
2025-03-15 12:25:08,FleetManager,WARN,Robot 2 Low Battery Warning
2025-03-15 12:25:09,FleetManager,WARN,Robot 2 Low Battery Warning
2025-03-15 12:25:10,FleetManager,WARN,Robot 2 Low Battery Warning
2025-03-15 12:25:11,FleetManager,WARN,Robot 2 Low Battery Warning
2025-03-15 12:25:12,FleetManager,WARN,Robot 2 Low Battery Warning
2025-03-15 12:25:13,FleetManager,WARN,Robot 2 Low Battery Warning
2025-03-15 12:25:14,FleetManager,WARN,Robot 2 Low Battery Warning
2025-03-15 12:25:15,FleetManager,WARN,Robot 2 Low Battery Warning
2025-03-15 12:25:16,FleetManager,WARN,Robot 2 Low Battery Warning
2025-03-15 12:25:17,FleetManager,WARN,Robot 2 Low Battery Warning
2025-03-15 12:25:18,FleetManager,WARN,Robot 2 Low Battery Warning
2025-03-15 12:25:19,FleetManager,WARN,Robot 2 Low Battery Warning
2025-03-15 12:25:20,FleetManager,WARN,Robot 2 Low Battery Warning
2025-03-15 12:25:21,FleetManager,WARN,Robot 2 Low Battery Warning
2025-03-15 12:25:22,FleetManager,WARN,Robot 2 Low Battery Warning
2025-03-15 12:25:23,FleetManager,WARN,Robot 2 Low Battery Warning
2025-03-15 12:25:24,FleetManager,WARN,Robot 2 Low Battery Warning
2025-03-15 12:25:25,FleetManager,WARN,Robot 2 Low Battery Warning
2025-03-15 12:25:26,FleetManager,WARN,Robot 2 Low Battery Warning
2025-03-15 12:25:27,FleetManager,WARN,Robot 2 Low Battery Warning
2025-03-15 12:25:28,FleetManager,WARN,Robot 2 Low Battery Warning
2025-03-15 12:25:29,FleetManager,WARN,Robot 2 Low Battery Warning
2025-03-15 12:25:30,FleetManager,WARN,Robot 2 Low Battery Warning
2025-03-15 12:25:31,FleetManager,WARN,Robot 2 Low Battery Warning
2025-03-15 12:25:32,FleetManager,WARN,Robot 2 Low Battery Warning
2025-03-15 12:25:33,FleetManager,WARN,Robot 2 Low Battery Warning
2025-03-15 12:25:34,FleetManager,WARN,Robot 2 Low Battery Warning
2025-03-15 12:25:35,FleetManager,WARN,Robot 2 Low Battery Warning
2025-03-15 12:25:36,FleetManager,WARN,Robot 2 Low Battery Warning
2025-03-15 12:25:37,FleetManager,WARN,Robot 2 Low Battery Warning
2025-03-15 12:25:38,FleetManager,WARN,Robot 2 Low Battery Warning
2025-03-15 12:25:39,FleetManager,WARN,Robot 2 Low Battery Warning
2025-03-15 12:25:40,FleetManager,WARN,Robot 2 Low Battery Warning
2025-03-15 12:25:41,FleetManager,WARN,Robot 2 Low Battery Warning
2025-03-15 12:25:42,FleetManager,WARN,Robot 2 Low Battery Warning
2025-03-15 12:25:43,FleetManager,WARN,Robot 2 Low Battery Warning
2025-03-15 12:25:44,FleetManager,WARN,Robot 2 Low Battery Warning
2025-03-15 12:25:45,FleetManager,WARN,Robot 2 Low Battery Warning
2025-03-15 12:25:46,FleetManager,WARN,Robot 2 Low Battery Warning
2025-03-15 12:25:47,FleetManager,WARN,Robot 2 Low Battery Warning
2025-03-15 12:25:48,FleetManager,WARN,Robot 2 Low Battery Warning
2025-03-15 12:25:49,FleetManager,WARN,Robot 2 Low Battery Warning
2025-03-15 12:25:50,FleetManager,WARN,Robot 2 Low Battery Warning
2025-03-15 12:25:51,FleetManager,WARN,Robot 2 Low Battery Warning
2025-03-15 12:25:52,FleetManager,WARN,Robot 2 Low Battery Warning
2025-03-15 12:25:53,FleetManager,WARN,Robot 2 Low Battery Warning
2025-03-15 12:25:54,FleetManager,WARN,Robot 2 Low Battery Warning
2025-03-15 12:25:55,FleetManager,WARN,Robot 2 Low Battery Warning
2025-03-15 12:25:56,FleetManager,WARN,Robot 2 Low Battery Warning
2025-03-15 12:25:57,FleetManager,WARN,Robot 2 Low Battery Warning
2025-03-15 12:25:58,FleetManager,WARN,Robot 2 Low Battery Warning
2025-03-15 12:25:59,FleetManager,WARN,Robot 2 Low Battery Warning
2025-03-15 12:26:00,FleetManager,WARN,Robot 2 Low Battery Warning
2025-03-15 12:26:01,FleetManager,WARN,Robot 2 Low Battery Warning
2025-03-15 12:26:02,FleetManager,WARN,Robot 2 Low Battery Warning
2025-03-15 12:26:03,FleetManager,WARN,Robot 2 Low Battery Warning
2025-03-15 12:26:04,FleetManager,WARN,Robot 2 Low Battery Warning
2025-03-15 12:26:05,FleetManager,WARN,Robot 2 Low Battery Warning
2025-03-15 12:26:06,FleetManager,WARN,Robot 2 Low Battery Warning
2025-03-15 12:26:07,FleetManager,WARN,Robot 2 Low Battery Warning
2025-03-15 12:26:08,FleetManager,WARN,Robot 2 Low Battery Warning
2025-03-15 12:26:09,FleetManager,WARN,Robot 2 Low Battery Warning
2025-03-15 12:26:10,FleetManager,WARN,Robot 2 Low Battery Warning
2025-03-15 12:26:11,FleetManager,WARN,Robot 2 Low Battery Warning
2025-03-15 12:26:12,FleetManager,WARN,Robot 2 Low Battery Warning
2025-03-15 12:26:13,FleetManager,WARN,Robot 2 Low Battery Warning
2025-03-15 12:26:14,FleetManager,WARN,Robot 2 Low Battery Warning
2025-03-15 12:26:15,FleetManager,WARN,Robot 2 Low Battery Warning
2025-03-15 12:26:16,FleetManager,WARN,Robot 2 Low Battery Warning
2025-03-15 12:26:17,FleetManager,WARN,Robot 2 Low Battery Warning
2025-03-15 12:26:18,FleetManager,WARN,Robot 2 Low Battery Warning
2025-03-15 12:26:19,FleetManager,WARN,Robot 2 Low Battery Warning
2025-03-15 12:26:20,FleetManager,WARN,Robot 2 Low Battery Warning
2025-03-15 12:26:21,FleetManager,WARN,Robot 2 Low Battery Warning
2025-03-15 12:26:22,FleetManager,WARN,Robot 2 Low Battery Warning
2025-03-15 12:26:23,FleetManager,WARN,Robot 2 Low Battery Warning
2025-03-15 12:26:24,FleetManager,WARN,Robot 2 Low Battery Warning
2025-03-15 12:26:25,FleetManager,WARN,Robot 2 Low Battery Warning
2025-03-15 12:26:26,FleetManager,WARN,Robot 2 Low Battery Warning
2025-03-15 12:26:27,FleetManager,WARN,Robot 2 Low Battery Warning
2025-03-15 12:26:28,FleetManager,WARN,Robot 2 Low Battery Warning
2025-03-15 12:26:29,FleetManager,WARN,Robot 2 Low Battery Warning
2025-03-15 12:26:30,FleetManager,WARN,Robot 2 Low Battery Warning
2025-03-15 12:26:31,FleetManager,WARN,Robot 2 Low Battery Warning
2025-03-15 12:26:32,FleetManager,WARN,Robot 2 Low Battery Warning
